,ParticipantID,DoB_month,DoB_year,5yr_US,SexAssigned,Gender,American Indian or Alaskan Native,Asian,Black or African American,Hispanic or Latino,Native Hawaiian or other Pacific Islander,White,Occupation,zipBorn,zip10,zipNow,IncBracket_growingUp,familySize_growingUp,parentsMarital,parentsEdu,partEdu,partIncome,partMarital,partNumChildren,parentsMarital_other,parentsEdu_other,partEdu_other
1,11889643,10,27,Yes,Male,Male,0,0,0,0,0,1,community manager,32277,32277,32277,"$56,000-$78,000",3,Widowed,Bachelor's degree (4 years of college),Bachelor's degree (4 years of college),"$42,500-$80,000",Married,2,,,
2,11889644,11,42,Yes,Male,Male,0,0,0,0,0,1,merchandiser,78109,78109,78109,"More than $78,000",5,Divorced,Some college,Bachelor's degree (4 years of college),"$12,501-$22,499",Divorced,1,,,
3,11889645,3,28,Yes,Male,Male,0,0,0,0,0,1,Administrative Assistant,11421,11374,11374,"$45,500-$55,999",4,Never married,Bachelor's degree (4 years of college),Bachelor's degree (4 years of college),"$12,501-$22,499",Single,0,,,
4,11889646,7,41,Yes,Female,Female,0,0,0,0,0,1,manufacturing,66749,66749,67460,"Less than $25,000",5,Married,Some college,Some college,"$42,500-$80,000",Married,0,,,
6,11889649,3,44,Yes,Female,Female,0,0,0,0,0,1,Health and Medical Writer,16830,16830,33460,"Less than $25,000",5,__other,Highschool degree,Bachelor's degree (4 years of college),"$42,500-$80,000",Married,2,My dad died when I was 6; my mom eventually remarried and remains married to my stepdad,,
7,11889650,9,32,Yes,Female,Female,0,0,0,0,0,1,Sales Support Specialist,32931,32927,44092,"$56,000-$78,000",4,Married,Associate's degree (2 years of college),Master's degree,"More than $80,000",Married,0,,,
8,11889651,2,42,Yes,Male,Male,0,0,0,0,0,1,Product Manager,7661,7661,94541,"More than $78,000",5,Widowed,Master's degree,Bachelor's degree (4 years of college),"More than $80,000",Single,0,,,
9,11889652,2,35,Yes,Female,Female,0,0,0,0,0,1,Homemaker,47303,47303,49426,"$56,000-$78,000",7,Married,Bachelor's degree (4 years of college),Bachelor's degree (4 years of college),"More than $80,000",Married,3,,,
10,11889654,11,47,Yes,Male,Male,0,0,0,0,0,1,vp of engineering,74074,75002,75013,"$25,001-$40,499",8,Married,Bachelor's degree (4 years of college),Bachelor's degree (4 years of college),"More than $80,000",Married,3,,,
14,11889665,4,35,Yes,Male,Male,0,0,0,0,0,1,unemployed,40977,40977,40976,"Less than $25,000",5,Widowed,Highschool degree,Some college,"$12,501-$22,499",Single,0,,,
15,11889684,4,28,Yes,Female,Female,0,0,0,0,0,1,data analyst,96162,96162,96162,"$45,500-$55,999",5,Married,Some college,Bachelor's degree (4 years of college),"More than $80,000",Married,1,,,
16,11889688,5,23,Yes,Male,Male,0,0,0,0,0,1,Public relations Officer,10116,10116,30301,"$56,000-$78,000",5,Married,Bachelor's degree (4 years of college),Bachelor's degree (4 years of college),"$22,500-$42,999",Single,0,,,
17,11889718,3,32,Yes,Female,Female,0,0,0,0,0,1,Engineer,90060,90060,60602,"$45,500-$55,999",6,Married,Highschool degree,Highschool degree,"$12,501-$22,499",Married,0,,,
21,11890058,11,55,Yes,Female,Female,0,0,0,0,0,1,Paralegal,44130,44130,34655,"$25,001-$40,499",4,__other,Highschool degree,Highschool degree,"$22,500-$42,999",Divorced,0,passed away,,
22,11890059,1,30,Yes,Female,Female,0,0,0,0,0,1,customer service representative,60132,60132,30101,"$25,001-$40,499",3,Divorced and remarried (one),Highschool degree,Associate's degree (2 years of college),"More than $80,000",Married,1,,,
23,11890062,10,43,Yes,Male,Male,0,0,0,0,0,1,Teacher,28572,28572,28269,"$45,500-$55,999",4,__other,Some college,Bachelor's degree (4 years of college),"$42,500-$80,000",Married,1,They remained married until my mom died last year. ,,
24,11890063,3,40,Yes,Male,Male,0,0,0,0,0,1,unemployed,7960,7054,7005,"Less than $25,000",7,Never married,Highschool degree,Highschool degree,"$12,501-$22,499",Single,0,,,
25,11890064,0,31,Yes,Male,Male,0,0,0,0,0,1,Grill cook,37129,37129,37129,"$25,001-$40,499",7,Married,Highschool degree,Some college,"$42,500-$80,000",Single,0,,,
26,11890065,1,43,Yes,Female,Female,0,0,0,0,0,1,business owner,70191,70191,70005,"$25,001-$40,499",3,Widowed,Highschool degree,Highschool degree,"$22,500-$42,999",Married,1,,,
27,11890068,0,51,Yes,Male,Male,0,0,0,0,0,1,operations,0,0,0,"Less than $25,000",10,__other,Highschool degree,Some college,"$42,500-$80,000",Married,2,Deceased,,
29,11890072,8,38,Yes,Female,Female,0,0,0,0,0,1,Retail Manager and Graduate Student,30342,30342,4103,Don't know,4,Divorced,Bachelor's degree (4 years of college),Master's degree,"$22,500-$42,999",Married,0,,,
31,11890074,2,33,Yes,Male,Male,0,0,0,0,0,1,cook,72143,88210,72143,"Less than $25,000",5,Divorced,Some college,Highschool degree,"Less than $12,500",Single,0,,,
32,11890075,9,47,Yes,Female,Female,0,0,0,0,0,1,Private Investigator,75238,75238,76513,"More than $78,000",4,Married,Master's degree,Master's degree,"$42,500-$80,000",Married,3,,,
33,11890077,9,35,Yes,Female,Female,0,0,0,0,0,1,self employed,46204,65265,65265,"Less than $25,000",2,Divorced,Some college,Highschool degree,"$22,500-$42,999",Single,0,,,
34,11890078,1,50,Yes,Male,Male,0,0,0,0,0,1,Managing Editor,92405,92405,46818,"More than $78,000",4,Married,Bachelor's degree (4 years of college),Bachelor's degree (4 years of college),"More than $80,000",Married,0,,,
35,11890079,0,30,Yes,Male,Male,0,0,0,0,0,1,Database Admin,55433,55433,55433,"$56,000-$78,000",5,Married,Associate's degree (2 years of college),Bachelor's degree (4 years of college),"$42,500-$80,000",Single,0,,,
37,11890082,10,28,Yes,Male,Male,0,0,0,0,0,1,Software Engineer,41011,41011,41011,"$25,001-$40,499",4,Married,Bachelor's degree (4 years of college),Master's degree,"$22,500-$42,999",Married,2,,,
39,11890084,7,27,Yes,Female,Female,0,0,0,0,0,1,Unemployed,85635,85616,85616,"$25,001-$40,499",3,Divorced,Some college,Some college,"Less than $12,500",Single,0,,,
41,11890086,6,70,Yes,Female,Female,0,0,0,0,0,1,retired nurse,47804,47874,47804,"$25,001-$40,499",3,Married,Highschool degree,Associate's degree (2 years of college),"$22,500-$42,999",Married,3,,,
42,11890088,4,25,Yes,Male,Male,0,0,0,0,0,1,Product designer,19801,19801,19801,"$56,000-$78,000",5,Married,Bachelor's degree (4 years of college),Bachelor's degree (4 years of college),"$42,500-$80,000",Single,0,,,
43,11890089,1,60,Yes,Female,Female,0,0,0,0,0,1,disabled,14620,33324,29707,Don't know,6,Married,Bachelor's degree (4 years of college),Bachelor's degree (4 years of college),"Less than $12,500",Married,-1,,,
45,11890091,11,43,Yes,Male,Male,0,0,0,0,0,1,Technical Support,49503,49329,48838,"$45,500-$55,999",7,Divorced,Associate's degree (2 years of college),Some college,"$42,500-$80,000",Married,2,,,
46,11890094,8,62,Yes,Female,Female,0,0,0,0,0,1,accountant,47201,47250,66224,"$45,500-$55,999",6,Married,Master's degree,Bachelor's degree (4 years of college),"More than $80,000",Divorced,3,,,
47,11890096,10,23,Yes,Female,Male,0,0,0,0,0,1,Student,80219,96819,48827,"$45,500-$55,999",4,Divorced,Bachelor's degree (4 years of college),Some college,"$22,500-$42,999",Single,0,,,
48,11890097,9,61,Yes,Male,Male,0,0,0,0,0,1,Analyst,29730,29730,29730,"More than $78,000",3,Married,Bachelor's degree (4 years of college),Bachelor's degree (4 years of college),"More than $80,000",Married,0,,,
49,11890099,7,32,Yes,Male,Male,0,0,0,0,0,1,software engineer,78702,78702,78702,"$25,001-$40,499",6,Married,Bachelor's degree (4 years of college),Bachelor's degree (4 years of college),"$22,500-$42,999",Married,2,,,
50,11890100,4,27,Yes,Female,Female,0,0,0,0,0,1,Software Developer,61751,61751,61751,"$56,000-$78,000",4,Never married,Master's degree,Master's degree,"$42,500-$80,000",Single,0,,,
51,11890101,11,34,Yes,Female,Female,0,0,0,0,0,1,Homemaker,62703,62703,64119,"More than $78,000",3,Married,Some college,Some college,"$22,500-$42,999",Divorced,4,,,
52,11890102,5,38,Yes,Male,Male,0,0,0,0,0,1,Driver,14026,14026,32218,"Less than $25,000",2,Never married,Some college,Highschool degree,"$12,501-$22,499",Married,4,,,
55,11890105,1,47,Yes,Female,Female,0,0,0,0,0,1,Speech/Language Pathologist,63116,63116,63129,Don't know,5,Married,Highschool degree,Master's degree,"More than $80,000",Married,2,,,
56,11890106,10,71,Yes,Female,Female,0,0,0,0,0,1,retired,60101,60101,60560,"$25,001-$40,499",3,__other,Associate's degree (2 years of college),Bachelor's degree (4 years of college),"$42,500-$80,000",Married,1,dead/married wjen they died,,
57,11890107,1,36,Yes,Female,Female,0,0,0,0,0,1,Software Developer,43739,43739,43739,"$45,500-$55,999",6,Married,Bachelor's degree (4 years of college),Bachelor's degree (4 years of college),"$42,500-$80,000",Married,2,,,
58,11890108,10,31,Yes,Male,Male,0,0,0,0,0,1,Disabled,29210,29526,29412,"Less than $25,000",4,Never married,Highschool degree,Highschool degree,"Less than $12,500",Single,0,,,
59,11890109,6,27,Yes,Female,Female,0,0,0,0,0,1,marketing,20036,20036,20036,"$45,500-$55,999",4,Married,Bachelor's degree (4 years of college),Bachelor's degree (4 years of college),"$42,500-$80,000",Married,1,,,
60,11890111,3,31,Yes,Male,Male,0,0,0,0,0,1,Copywriter,14539,14539,14435,"$56,000-$78,000",4,Married,Bachelor's degree (4 years of college),Bachelor's degree (4 years of college),"Less than $12,500",Single,0,,,
62,11890113,0,50,Yes,Male,Male,0,0,0,0,0,1,oil and gas,43204,43204,78550,"Less than $25,000",5,Married,Highschool degree,Bachelor's degree (4 years of college),"More than $80,000",Married,3,,,
63,11890114,10,22,Yes,Female,Female,0,0,0,0,0,1,Management,20008,20008,20008,"$45,500-$55,999",3,Married,Bachelor's degree (4 years of college),Bachelor's degree (4 years of college),"$42,500-$80,000",Married,1,,,
66,11890117,4,37,Yes,Female,Female,0,0,0,0,0,1,event coordinator,33606,33606,11206,"More than $78,000",4,Divorced,Bachelor's degree (4 years of college),Bachelor's degree (4 years of college),"More than $80,000",Single,0,,,
67,11890118,0,59,Yes,Male,Male,0,0,0,0,0,1,Heavy Equipment Operator ,15301,15324,15301,"$25,001-$40,499",4,Married,Highschool degree,Some college,"$22,500-$42,999",Divorced,1,,,
68,11890119,5,39,Yes,Male,Male,0,0,0,0,0,1,Information Technology,7014,7014,7014,"$25,001-$40,499",10,Divorced,Bachelor's degree (4 years of college),Bachelor's degree (4 years of college),"$42,500-$80,000",Married,2,,,
69,11890120,1,36,Yes,Male,Male,0,0,0,0,0,1,Animal Care,98101,48130,48130,"$56,000-$78,000",4,Married,Bachelor's degree (4 years of college),Some college,"$22,500-$42,999",Single,0,,,
70,11890121,11,41,Yes,Female,Female,0,0,0,0,0,1,Accounting Assistant,7440,7424,7009,"More than $78,000",4,Married,Highschool degree,Bachelor's degree (4 years of college),"$22,500-$42,999",Single,0,,,
71,11890122,1,39,Yes,Female,Female,0,0,0,0,0,1,disabled,76710,76712,76712,Don't know,3,Married,Associate's degree (2 years of college),Some college,"Less than $12,500",Divorced,2,,,
72,11890123,8,40,Yes,Female,Female,0,0,0,0,0,1,Sales,15906,15906,15317,"Less than $25,000",6,Divorced,Highschool degree,Associate's degree (2 years of college),"Less than $12,500",Married,0,,,
73,11890125,5,26,Yes,Male,Male,0,0,0,0,0,1,Software engineer,90014,90014,75247,"More than $78,000",6,Married,Bachelor's degree (4 years of college),Bachelor's degree (4 years of college),"$42,500-$80,000",Single,0,,,
74,11890126,8,41,Yes,Male,Male,0,0,0,0,0,1,Marketing,5310,53045,53066,Don't know,4,Married,Master's degree,Master's degree,"More than $80,000",Married,2,,,
75,11890127,8,43,Yes,Female,Female,0,0,0,0,0,1,homemaker ,2368,2368,2093,"More than $78,000",5,Married,Master's degree,Bachelor's degree (4 years of college),"More than $80,000",Married,3,,,
76,11890129,0,21,Yes,Female,Female,0,0,0,0,0,1,Technology,37354,37354,37354,"Less than $25,000",3,Divorced,Highschool degree,Highschool degree,"$22,500-$42,999",Single,0,,,
77,11890132,7,32,Yes,Female,Female,0,0,0,0,0,1,Customer Support Rep,80301,28635,28677,"$25,001-$40,499",2,Married,Some highschool,Associate's degree (2 years of college),"$12,501-$22,499",Married,0,,,
79,11890134,6,50,Yes,Male,Male,0,0,0,0,0,1,Disabled,50501,50501,39350,"$25,001-$40,499",4,__other,Highschool degree,Associate's degree (2 years of college),"$12,501-$22,499",Widowed,3,Both deceased,,
82,11890142,3,18,Yes,Male,Male,0,0,1,0,0,0,construction,30002,30002,30002,"More than $78,000",4,Never married,Bachelor's degree (4 years of college),Bachelor's degree (4 years of college),"More than $80,000",Single,0,,,
83,11890143,10,25,Yes,Male,Male,0,0,0,0,0,1,Information Technology,4734,4734,4734,"More than $78,000",4,Never married,Bachelor's degree (4 years of college),Bachelor's degree (4 years of college),"More than $80,000",Single,0,,,
84,11890144,3,39,Yes,Male,Male,0,0,0,0,0,1,Financial Analysis,67901,67901,74055,"$56,000-$78,000",4,Married,Bachelor's degree (4 years of college),Master's degree,"More than $80,000",Married,3,,,
85,11890146,4,55,Yes,Female,Female,0,0,0,0,0,1,First Grade Teacher,7451,7463,76901,"$45,500-$55,999",4,Divorced,Highschool degree,Bachelor's degree (4 years of college),"$42,500-$80,000",Married,1,,,
86,11890147,2,31,Yes,Male,Male,0,0,0,0,0,1,Account Manager,54914,54914,54113,"More than $78,000",4,Married,Bachelor's degree (4 years of college),Bachelor's degree (4 years of college),"$42,500-$80,000",Married,3,,,
87,11890148,8,44,Yes,Female,Female,0,0,0,0,0,1,Teacher,98584,98584,98584,"$45,500-$55,999",4,Married,Bachelor's degree (4 years of college),Bachelor's degree (4 years of college),"$42,500-$80,000",Married,2,,,
88,11890149,7,51,Yes,Male,Male,0,0,0,0,0,1,computer engineer,31015,31015,30040,"$56,000-$78,000",4,Married,Associate's degree (2 years of college),Bachelor's degree (4 years of college),"More than $80,000",Married,1,,,
89,11890150,3,29,Yes,Male,Male,0,0,0,0,0,1,Financial Planner,7840,7840,7042,"More than $78,000",4,Married,Bachelor's degree (4 years of college),Bachelor's degree (4 years of college),"More than $80,000",Married,1,,,
90,11890151,2,51,Yes,Female,Female,0,0,0,0,0,1,Food Service Worker,49331,49331,49331,"$45,500-$55,999",5,Divorced,Highschool degree,Some college,"$22,500-$42,999",Single,1,,,
91,11890154,9,47,Yes,Female,Female,0,0,0,0,0,1,Professor,44122,49068,48823,"More than $78,000",5,Married,Master's degree,Master's degree,"More than $80,000",Married,3,,,
92,11890155,4,49,Yes,Male,Male,0,0,0,0,0,1,IT specialist ,6830,6830,2645,"$56,000-$78,000",5,Never married,Highschool degree,Highschool degree,"$42,500-$80,000",Single,0,,,
93,11890156,9,39,Yes,Female,Female,0,0,0,0,0,1,Software Developer,74070,74070,74070,"$25,001-$40,499",3,Married,Some highschool,Bachelor's degree (4 years of college),"$22,500-$42,999",Married,2,,,
94,11890157,1,38,Yes,Female,Female,0,0,0,0,0,1,licensed practical nurse,1890,76542,78664,"More than $78,000",4,Married,Bachelor's degree (4 years of college),Associate's degree (2 years of college),"$42,500-$80,000",Married,0,,,
95,11890158,2,33,Yes,Female,Female,0,0,0,0,0,1,stay at home mom,35216,36330,35216,"More than $78,000",4,Married,Bachelor's degree (4 years of college),Master's degree,"More than $80,000",Married,2,,,
96,11890159,6,40,Yes,Female,Female,0,0,0,0,0,1,executive assistant,49201,49201,48910,Don't know,5,Divorced and remarried (one),Highschool degree,Some college,"$42,500-$80,000",Married,0,,,
97,11890160,4,35,Yes,Male,Male,0,0,0,0,0,1,Sales,14226,14226,14209,"$56,000-$78,000",4,Married,Bachelor's degree (4 years of college),Some college,"$42,500-$80,000",Married,0,,,
99,11890163,11,30,Yes,Male,Male,0,0,0,0,0,1,Teacher,41101,41101,42104,Don't know,2,Married,Bachelor's degree (4 years of college),Bachelor's degree (4 years of college),"$42,500-$80,000",Married,1,,,
100,11890166,6,57,Yes,Female,Female,0,0,0,0,0,1,homemaker,12308,12308,1247,"$25,001-$40,499",6,Married,Associate's degree (2 years of college),Master's degree,"Less than $12,500",Married,1,,,
101,11890167,3,55,Yes,Female,Female,0,0,0,0,0,1,self emplyed,60076,60076,89044,"$56,000-$78,000",4,Married,Bachelor's degree (4 years of college),Bachelor's degree (4 years of college),"$42,500-$80,000",Single,0,,,
102,11890168,4,65,Yes,Male,Male,0,0,0,0,0,1,retired mechanic,48201,48185,48186,"$45,500-$55,999",5,Widowed,Some highschool,Associate's degree (2 years of college),"$22,500-$42,999",Married,2,,,
104,11890171,9,45,Yes,Female,Female,0,0,0,0,0,1,administrative assistant,48381,48381,48381,"$45,500-$55,999",4,Divorced and remarried (one),Master's degree,Bachelor's degree (4 years of college),"More than $80,000",Married,5,,,
105,11890172,9,34,Yes,Female,Female,0,0,0,0,0,1,data qa,8020,8020,77459,"$45,500-$55,999",4,Never married,Associate's degree (2 years of college),Associate's degree (2 years of college),"$42,500-$80,000",Married,0,,,
106,11890173,3,47,Yes,Female,Female,0,0,0,0,0,1,Legal Assistant,97236,97218,97042,"$45,500-$55,999",4,Married,Highschool degree,Bachelor's degree (4 years of college),"$42,500-$80,000",Married,1,,,
107,11890174,10,31,Yes,Male,Male,0,0,0,0,0,1,Retail/Support Manager,62401,62443,62401,"$25,001-$40,499",4,Divorced,Highschool degree,Some college,"$22,500-$42,999",Single,1,,,
108,11890175,6,28,Yes,Female,Female,0,0,0,0,0,1,CPR Instructor,98006,98006,10033,"More than $78,000",4,__other,Master's degree,Bachelor's degree (4 years of college),"$22,500-$42,999",Single,0,Married but separated,,
109,11890177,7,55,Yes,Female,Female,0,0,0,0,0,1,self employed,46613,89119,72015,"$25,001-$40,499",2,Divorced,Highschool degree,Highschool degree,"$42,500-$80,000",Married,3,,,
111,11890180,2,73,Yes,Male,Male,0,0,0,0,0,1,drug and alcohol screener,75051,38111,38122,"Less than $25,000",5,Divorced,Highschool degree,Some college,"$42,500-$80,000",Divorced,2,,,
112,11890182,10,32,Yes,Male,Male,0,0,0,0,0,1,Researcher,43812,43812,43812,"Less than $25,000",5,Divorced,Some highschool,Associate's degree (2 years of college),"$12,501-$22,499",Single,0,,,
113,11890183,1,53,Yes,Female,Female,0,0,0,0,0,1,Artist,60047,60047,60659,"$56,000-$78,000",4,Divorced,Highschool degree,Bachelor's degree (4 years of college),"$12,501-$22,499",Divorced,0,,,
114,11890185,2,57,Yes,Male,Male,0,0,0,0,0,1,General Manager,19475,19475,19805,"More than $78,000",6,Married,Master's degree,Doctoral degree,"More than $80,000",Divorced,0,,,
115,11890189,6,66,Yes,Male,Male,0,0,0,0,0,1,Worker,60643,60643,86413,"$25,001-$40,499",10,__other,Highschool degree,Some college,"$22,500-$42,999",Divorced,3,deceased,,
117,11890191,9,59,Yes,Male,Male,0,0,0,0,0,1,it director,42431,46507,46535,"$25,001-$40,499",8,Married,Highschool degree,Highschool degree,"$42,500-$80,000",Married,3,,,
118,11890192,1,43,Yes,Male,Male,0,0,0,0,0,1,E sales Supervisor,44134,44134,92407,"$56,000-$78,000",3,Married,Bachelor's degree (4 years of college),Associate's degree (2 years of college),"$42,500-$80,000",Single,0,,,
119,11890193,9,23,Yes,Male,Male,0,0,0,0,0,1,Supervisor,65802,65725,65725,"Less than $25,000",4,Married,No highschool,Some college,"$12,501-$22,499",Single,0,,,
120,11890194,10,39,Yes,Female,Female,0,0,0,0,0,1,unemployed,44129,44056,75002,Don't know,4,Divorced and remarried (one),Associate's degree (2 years of college),Master's degree,"Less than $12,500",Married,0,,,
121,11890196,1,38,Yes,Male,Male,0,0,0,0,0,1,Title Assistant,92626,92626,92284,"Less than $25,000",3,Divorced,Highschool degree,Some college,"$42,500-$80,000",Married,0,,,
122,11890197,6,52,Yes,Female,Female,0,0,0,0,0,1,Office assistant,90703,90703,90703,"$56,000-$78,000",4,__other,Bachelor's degree (4 years of college),Some college,"More than $80,000",Married,4,they have both passed away,,
123,11890198,5,25,Yes,Male,Male,0,0,0,0,0,1,Analyst,33132,33132,33132,"$45,500-$55,999",4,Married,Bachelor's degree (4 years of college),Bachelor's degree (4 years of college),"More than $80,000",Single,0,,,
124,11890200,2,59,Yes,Female,Female,0,0,0,0,0,1,sales,48009,48009,48076,"$25,001-$40,499",4,__other,Highschool degree,Bachelor's degree (4 years of college),"$42,500-$80,000",Married,1,Both deceased,,
125,11890201,6,25,Yes,Female,Female,0,0,0,0,0,1,Student,1020,29485,29209,"More than $78,000",5,Married,Bachelor's degree (4 years of college),Bachelor's degree (4 years of college),"$22,500-$42,999",Single,0,,,
127,11890204,3,54,Yes,Female,Female,0,0,0,0,0,1,Civil Servant,-1,94115,95819,"$56,000-$78,000",5,Married,Doctoral degree,Bachelor's degree (4 years of college),"More than $80,000",Married,0,,,
128,11890205,8,28,Yes,Female,Female,0,0,0,0,0,1,Pharmacist,53715,53901,53901,"More than $78,000",5,Married,Bachelor's degree (4 years of college),Doctoral degree,"More than $80,000",Single,0,,,
130,11890209,4,40,Yes,Male,Male,0,0,0,0,0,1,mri technologist,94088,85234,85142,"More than $78,000",8,Married,Master's degree,Bachelor's degree (4 years of college),"More than $80,000",Married,3,,,
131,11890210,10,33,Yes,Female,Female,0,0,0,0,0,1,Computer Technician,78745,78745,73632,"$45,500-$55,999",3,__other,Doctoral degree,Bachelor's degree (4 years of college),"$42,500-$80,000",Married,1,They are both deceased,,
132,11890211,11,34,Yes,Male,Male,0,0,0,0,0,1,Billing Analyst,47714,47714,47630,"$45,500-$55,999",4,Married,Bachelor's degree (4 years of college),Bachelor's degree (4 years of college),"$42,500-$80,000",Single,3,,,
133,11890214,0,24,Yes,Male,Male,0,0,0,0,0,1,New York,10001,10001,10001,"$56,000-$78,000",5,Married,Bachelor's degree (4 years of college),Bachelor's degree (4 years of college),"$42,500-$80,000",Single,0,,,
134,11890215,8,41,Yes,Female,Female,0,0,0,0,0,1,medical receptionist,67217,67217,67226,"$45,500-$55,999",3,Divorced and remarried (one),Some college,Bachelor's degree (4 years of college),"$42,500-$80,000",Single,0,,,
135,11890216,2,50,Yes,Female,Female,0,0,0,0,0,1,case manager,62864,62864,62220,"More than $78,000",4,Married,Bachelor's degree (4 years of college),Bachelor's degree (4 years of college),"More than $80,000",Married,2,,,
136,11890219,0,38,Yes,Female,Female,0,0,0,0,0,1,Administrator,36784,36784,36784,"$45,500-$55,999",4,Married,Highschool degree,Master's degree,"More than $80,000",Married,2,,,
137,11890220,1,47,Yes,Male,Male,0,0,0,0,0,1,Software Developer,46835,45241,45069,Don't know,4,Married,Doctoral degree,Bachelor's degree (4 years of college),"More than $80,000",Married,3,,,
138,11890221,8,30,Yes,Male,Male,0,0,0,0,0,1,Unemployed,13324,13324,13324,"$56,000-$78,000",6,Never married,Some college,Highschool degree,"Less than $12,500",Single,0,,,
139,11890223,11,55,Yes,Male,Male,0,0,0,0,0,1,Data Analyst,3800,6812,29579,"$25,001-$40,499",4,Divorced and remarried (one),Highschool degree,Some college,"$22,500-$42,999",Married,2,,,
140,11890224,5,39,Yes,Female,Female,0,0,0,0,0,1,Director of training,33073,33073,33073,"More than $78,000",3,Married,Bachelor's degree (4 years of college),Bachelor's degree (4 years of college),"More than $80,000",Married,0,,,
141,11890226,0,54,Yes,Male,Male,0,0,0,0,0,1,Retired,95616,95616,95833,"$56,000-$78,000",7,Married,Bachelor's degree (4 years of college),Bachelor's degree (4 years of college),"More than $80,000",Married,0,,,
142,11890227,11,42,Yes,Male,Male,0,0,0,0,0,1,gig worker,42025,42025,42071,"Less than $25,000",10,Divorced and remarried (both),Bachelor's degree (4 years of college),Bachelor's degree (4 years of college),"$12,501-$22,499",Single,0,,,
143,11890228,4,41,Yes,Female,Female,0,0,0,0,0,1,nonprofit manager,17331,17350,15220,"$56,000-$78,000",4,Married,Bachelor's degree (4 years of college),Master's degree,"$42,500-$80,000",Divorced,0,,,
144,11890229,0,31,Yes,Male,Male,0,0,0,0,0,1,Software Developer,89014,89014,89014,"$25,001-$40,499",4,Married,Associate's degree (2 years of college),Bachelor's degree (4 years of college),"$22,500-$42,999",Married,2,,,
146,11890233,0,57,Yes,Male,Male,0,0,0,0,0,1,sales,77339,77339,77339,Don't know,5,Divorced,Associate's degree (2 years of college),Bachelor's degree (4 years of college),"$42,500-$80,000",Widowed,1,,,
147,11890237,9,28,Yes,Male,Male,0,0,0,0,0,1,Online Reseller,1854,1854,3857,"More than $78,000",6,Divorced,Highschool degree,Highschool degree,"$12,501-$22,499",Married,1,,,
149,11890240,2,45,Yes,Female,Female,0,0,0,0,0,1,homemaker,38652,38652,38652,"$56,000-$78,000",2,Divorced,Highschool degree,Associate's degree (2 years of college),"$42,500-$80,000",Married,2,,,
151,11890243,10,50,Yes,Male,Male,0,0,0,0,0,1,Auto auction lot porter ,65351,65802,66212,"$25,001-$40,499",3,Divorced,Associate's degree (2 years of college),Highschool degree,"$22,500-$42,999",Single,0,,,
152,11890244,2,45,Yes,Female,Female,0,0,0,0,0,1,Customs Broker,5491,5491,13630,"More than $78,000",5,Married,Associate's degree (2 years of college),Some college,"$42,500-$80,000",Divorced,1,,,
153,11890245,11,46,Yes,Female,Female,0,0,0,0,0,1,Customer Service Rep ,48136,54901,49504,"$45,500-$55,999",5,Divorced,Highschool degree,Highschool degree,"$42,500-$80,000",Married,7,,,
155,11890249,5,41,Yes,Male,Male,0,0,0,0,0,1,Insurance Broker,39042,39042,39047,Don't know,4,Married,Associate's degree (2 years of college),Associate's degree (2 years of college),"$42,500-$80,000",Single,0,,,
156,11890251,10,33,Yes,Male,Male,0,0,0,0,0,1,Advisor,8610,8610,60618,"More than $78,000",4,Married,Master's degree,Master's degree,"More than $80,000",Married,0,,,
157,11890253,11,46,Yes,Female,Female,0,0,0,0,0,1,graphic designer,29646,29649,29607,"$56,000-$78,000",4,Married,Bachelor's degree (4 years of college),Bachelor's degree (4 years of college),"$42,500-$80,000",Married,2,,,
159,11890255,11,21,Yes,Male,Male,0,0,0,0,0,1,IT assistant,7501,34491,34491,"$25,001-$40,499",3,Married,Master's degree,Associate's degree (2 years of college),"$22,500-$42,999",Single,0,,,
160,11890256,8,48,Yes,Male,Male,0,0,0,0,0,1,real estate,23464,23464,23435,"Less than $25,000",4,Married,Master's degree,Bachelor's degree (4 years of college),"$12,501-$22,499",Divorced,0,,,
162,11890259,3,32,Yes,Female,Female,0,0,0,0,0,1,customer service,43235,43235,15102,"More than $78,000",6,Divorced and remarried (one),Doctoral degree,Highschool degree,"$42,500-$80,000",Married,2,,,
164,11890261,1,33,Yes,Male,Male,0,0,0,0,0,1,Self Employed,76051,76034,76106,"$56,000-$78,000",4,Never married,Bachelor's degree (4 years of college),Bachelor's degree (4 years of college),"$42,500-$80,000",Single,0,,,
165,11890262,0,32,Yes,Female,Female,0,0,0,0,0,1,real estate agent,2445,2445,60640,Don't know,3,Divorced and remarried (one),Bachelor's degree (4 years of college),Bachelor's degree (4 years of college),"$42,500-$80,000",Single,0,,,
166,11890265,6,58,Yes,Male,Male,0,0,0,0,0,1,Writer,62016,62025,53208,"$25,001-$40,499",5,Widowed,Some college,Master's degree,"$22,500-$42,999",Divorced,0,,,
167,11890269,2,35,Yes,Male,Male,0,0,0,0,0,1,Software Developer,11103,11103,11103,"$25,001-$40,499",4,Married,Bachelor's degree (4 years of college),Bachelor's degree (4 years of college),"$22,500-$42,999",Married,2,,,
168,11890271,8,32,Yes,Female,Female,0,0,0,0,0,1,Freelnace,70811,70811,70811,"$45,500-$55,999",10,Divorced,Some college,Highschool degree,"Less than $12,500",Single,0,,,
169,11890272,11,70,Yes,Female,Female,0,0,0,0,0,1,retired,46614,46614,71118,"$25,001-$40,499",5,__other,Highschool degree,Some college,"$22,500-$42,999",Widowed,2,deceased,,
170,11890273,8,58,Yes,Male,Male,0,0,0,0,0,1,Vice President of Information Technology,6450,6450,33904,"$25,001-$40,499",3,Widowed,Some college,Master's degree,"More than $80,000",Married,0,,,
171,11890274,3,62,Yes,Female,Female,0,0,0,0,0,1,Art Designer,41004,41004,41004,"$45,500-$55,999",5,Married,Bachelor's degree (4 years of college),Associate's degree (2 years of college),"$42,500-$80,000",Married,1,,,
174,11890277,9,48,Yes,Male,Male,0,0,0,0,0,1,Human Resoure Business Partner,7840,7840,8052,"$25,001-$40,499",5,Married,Bachelor's degree (4 years of college),Bachelor's degree (4 years of college),"More than $80,000",Married,2,,,
175,11890279,9,23,Yes,Female,Female,0,0,0,0,0,1,retail associate,1201,78664,78613,"Less than $25,000",2,Never married,Associate's degree (2 years of college),Associate's degree (2 years of college),"Less than $12,500",Single,0,,,
176,11890282,8,36,Yes,Male,Male,0,0,0,0,0,1,lead dara scientist,60635,60707,60016,"$56,000-$78,000",4,Married,Bachelor's degree (4 years of college),Doctoral degree,"More than $80,000",Married,3,,,
177,11890284,8,46,Yes,Female,Female,0,0,0,0,0,1,Clerk,29715,29715,29732,"Less than $25,000",4,Divorced and remarried (both),Highschool degree,Some college,"$42,500-$80,000",Single,0,,,
178,11890285,10,50,Yes,Male,Male,0,0,0,0,0,1,PC Tech,55337,55337,56524,"$56,000-$78,000",4,__other,Some college,Highschool degree,"$42,500-$80,000",Single,0,Married and both deceased.,,
180,11890287,1,44,Yes,Male,Male,0,0,0,0,0,1,designer,92404,92404,74743,"Less than $25,000",4,Divorced and remarried (one),Doctoral degree,Some college,"More than $80,000",Divorced,4,,,
181,11890289,2,26,Yes,Male,Male,0,0,1,0,0,0,Retailer,60601,60601,60601,"More than $78,000",5,Married,Bachelor's degree (4 years of college),Bachelor's degree (4 years of college),"$22,500-$42,999",Single,0,,,
183,11890295,0,50,Yes,Female,Female,0,0,0,0,0,1,Retail,28752,28752,32680,"$45,500-$55,999",3,Married,Highschool degree,Highschool degree,"$42,500-$80,000",Married,0,,,
184,11890298,7,41,Yes,Male,Male,0,0,1,0,0,0,Exam Rater,20912,20912,88001,"$25,001-$40,499",4,Divorced,Bachelor's degree (4 years of college),Master's degree,"$12,501-$22,499",Single,0,,,
185,11890299,8,26,Yes,Male,Male,0,0,0,0,0,1,Credit Analyst,29512,29512,28376,"$56,000-$78,000",4,Divorced and remarried (both),Doctoral degree,Master's degree,"$42,500-$80,000",Married,0,,,
186,11890300,4,24,Yes,Male,Female,0,0,0,0,0,1,student,60018,60018,60018,"$25,001-$40,499",4,Married,Master's degree,Bachelor's degree (4 years of college),"$22,500-$42,999",Single,0,,,
187,11890302,0,38,Yes,Male,Male,0,0,1,0,0,0,Real Estate/Construction,32505,32505,32534,"$25,001-$40,499",9,Married,Highschool degree,Highschool degree,"$42,500-$80,000",Single,1,,,
188,11890303,6,31,Yes,Female,Female,0,0,1,0,0,0,Manager,18301,18301,32824,"More than $78,000",5,Married,Bachelor's degree (4 years of college),Highschool degree,"$42,500-$80,000",Single,0,,,
189,11890306,8,31,Yes,Male,Male,0,0,1,0,0,0,Warehousing,20603,20603,20603,"More than $78,000",4,Married,Some college,Highschool degree,"$42,500-$80,000",Single,0,,,
190,11890308,11,24,Yes,Male,Male,0,0,1,0,0,0,pharmacist,30033,30033,30033,"More than $78,000",5,Married,Some college,Bachelor's degree (4 years of college),"More than $80,000",Married,1,,,
191,11890310,7,34,Yes,Female,Female,0,0,1,0,0,0,Accountant,11206,11206,11203,"More than $78,000",9,Married,Bachelor's degree (4 years of college),Bachelor's degree (4 years of college),"More than $80,000",Married,2,,,
193,11890312,9,24,Yes,Male,Male,0,0,1,0,0,0,retailer,10002,10002,30002,"$56,000-$78,000",3,Married,Some college,Bachelor's degree (4 years of college),"$42,500-$80,000",Single,11,,,
194,11890313,1,20,Yes,Male,Male,0,0,1,0,0,0,Front-end Developer,10118,10118,10119,"Less than $25,000",6,Never married,Bachelor's degree (4 years of college),Bachelor's degree (4 years of college),"$42,500-$80,000",Single,0,,,
195,11890314,1,24,Yes,Female,Female,0,0,1,0,0,0,Financial analyst,30334,30334,30334,"More than $78,000",4,Married,Bachelor's degree (4 years of college),Bachelor's degree (4 years of college),"More than $80,000",Single,0,,,
196,11890319,6,25,Yes,Female,Female,0,0,0,0,0,1,Orbital Analyst,30601,30549,37923,"Less than $25,000",4,__other,Highschool degree,Bachelor's degree (4 years of college),"$42,500-$80,000",Single,0,deceased,,
197,11890320,10,24,Yes,Female,Female,0,0,1,0,0,0,HR,90012,90012,90012,"More than $78,000",6,Married,Bachelor's degree (4 years of college),Bachelor's degree (4 years of college),"$42,500-$80,000",Single,0,,,
198,11890323,3,24,Yes,Male,Male,0,0,1,0,0,0,Admin staff,55421,55421,55421,"More than $78,000",3,Married,Bachelor's degree (4 years of college),Bachelor's degree (4 years of college),"$22,500-$42,999",Single,0,,,
199,11890324,9,40,Yes,Female,Female,0,0,1,0,0,0,Customer Service Representative,37421,37411,37421,"$25,001-$40,499",4,Divorced and remarried (one),Bachelor's degree (4 years of college),Bachelor's degree (4 years of college),"$22,500-$42,999",Single,2,,,
200,11890327,7,33,Yes,Female,Female,0,0,0,0,0,1,Software Developer,67025,67025,67025,"$25,001-$40,499",4,Married,Bachelor's degree (4 years of college),Bachelor's degree (4 years of college),"$22,500-$42,999",Married,2,,,
201,11890328,9,24,Yes,Male,Male,0,0,1,0,0,0,sales,10001,10001,30002,"$56,000-$78,000",4,Married,Associate's degree (2 years of college),Bachelor's degree (4 years of college),"$42,500-$80,000",Single,1,,,
202,11890329,11,42,Yes,Female,Female,0,0,1,0,0,0,Business Owner,20783,20783,10065,"$45,500-$55,999",3,Married,Highschool degree,Master's degree,"More than $80,000",Married,1,,,
203,11890330,3,34,Yes,Female,Female,0,0,1,0,0,0,self employeed ,27522,27522,27514,"$56,000-$78,000",4,Never married,Bachelor's degree (4 years of college),Master's degree,"$12,501-$22,499",Single,0,,,
204,11890331,8,27,Yes,Male,Male,0,0,1,0,0,0,finance,30303,30303,30303,"$45,500-$55,999",5,Married,Bachelor's degree (4 years of college),Master's degree,"$42,500-$80,000",Married,2,,,
205,11890334,11,25,Yes,Male,Male,0,0,1,0,0,0,Web Developer,20136,20136,20111,"More than $78,000",6,Widowed,Bachelor's degree (4 years of college),Bachelor's degree (4 years of college),"More than $80,000",Single,0,,,
206,11890337,8,27,Yes,Male,Male,0,0,1,0,0,0,Manager,89002,89001,20500,"$56,000-$78,000",6,Married,Some college,Bachelor's degree (4 years of college),"$42,500-$80,000",Single,0,,,
207,11890339,3,24,Yes,Male,Male,0,0,0,0,0,1,Administration clerk,55421,55421,55421,"More than $78,000",4,Married,Bachelor's degree (4 years of college),Bachelor's degree (4 years of college),"$42,500-$80,000",Single,0,,,
208,11890342,11,34,Yes,Male,Male,0,0,1,0,0,0,Unemployed,94016,30058,30058,"$56,000-$78,000",3,Divorced,Bachelor's degree (4 years of college),Associate's degree (2 years of college),"$12,501-$22,499",Single,0,,,
209,11890346,1,47,Yes,Female,Female,0,0,0,0,0,1,team manager,39115,75093,75093,"More than $78,000",6,Divorced and remarried (both),Bachelor's degree (4 years of college),Master's degree,"More than $80,000",Divorced,2,,,
210,11890351,4,51,Yes,Female,Female,0,0,0,0,0,1,Arist,84401,84401,84067,"$25,001-$40,499",4,Divorced and remarried (one),Some college,Some college,"$22,500-$42,999",Divorced,2,,,
211,11890354,3,23,Yes,Male,Male,0,0,1,0,0,0,tranport manager,10188,10188,10188,"$56,000-$78,000",5,Married,Doctoral degree,Bachelor's degree (4 years of college),"$42,500-$80,000",Married,1,,,
214,11890361,4,25,Yes,Male,Male,0,0,0,0,0,1,consultant,10001,10005,10003,"$25,001-$40,499",5,Married,Bachelor's degree (4 years of college),Bachelor's degree (4 years of college),"More than $80,000",Married,0,,,
215,11890363,11,31,Yes,Female,Female,0,0,1,0,0,0,Information system,10013,10013,10013,"More than $78,000",5,Married,Bachelor's degree (4 years of college),Bachelor's degree (4 years of college),"More than $80,000",Married,2,,,
216,11890365,5,40,Yes,Female,Female,0,0,1,0,0,0,donor manager,24541,24541,24541,"$56,000-$78,000",4,Married,Bachelor's degree (4 years of college),Bachelor's degree (4 years of college),"More than $80,000",Divorced,2,,,
217,11890366,0,50,Yes,Female,Female,0,0,1,0,0,0,Patient Observer,60628,60628,38671,"$45,500-$55,999",7,Married,Master's degree,Bachelor's degree (4 years of college),"More than $80,000",Married,7,,,
218,11890367,5,37,Yes,Male,Male,0,0,1,0,0,0,Housekeeper,53704,53704,53704,"$25,001-$40,499",4,Never married,Highschool degree,Highschool degree,"$22,500-$42,999",Single,0,,,
219,11890368,7,24,Yes,Male,Male,0,0,1,0,0,0,Computer science,60601,60601,60601,"$45,500-$55,999",6,Married,Associate's degree (2 years of college),Bachelor's degree (4 years of college),"Less than $12,500",Single,1,,,
220,11890369,3,33,Yes,Male,Male,0,0,0,0,0,1,Software Engineer,78596,78596,78596,"$45,500-$55,999",5,Married,Bachelor's degree (4 years of college),Bachelor's degree (4 years of college),"$42,500-$80,000",Married,2,,,
221,11890371,4,33,Yes,Male,Male,0,0,0,0,0,1,QA,46011,40324,40475,"More than $78,000",4,Married,Bachelor's degree (4 years of college),Some college,"More than $80,000",Married,2,,,
222,11890374,2,22,Yes,Male,Male,0,0,1,0,0,0,Agriculture,90001,90001,90001,"$56,000-$78,000",4,Married,Bachelor's degree (4 years of college),Bachelor's degree (4 years of college),"$22,500-$42,999",Single,0,,,
223,11890376,10,34,Yes,Female,Female,0,0,1,0,0,0,sales,1902,33614,75232,"$45,500-$55,999",3,Married,Bachelor's degree (4 years of college),Bachelor's degree (4 years of college),"$42,500-$80,000",Married,2,,,
224,11890378,1,26,Yes,Male,Male,0,0,1,0,0,0,IT Analyst,10013,10013,10013,"$56,000-$78,000",5,Married,Bachelor's degree (4 years of college),Bachelor's degree (4 years of college),"More than $80,000",Married,2,,,
226,11890380,0,26,Yes,Male,Male,0,0,1,0,0,0,Manager,32087,32087,32087,"More than $78,000",3,Married,Bachelor's degree (4 years of college),Master's degree,"$42,500-$80,000",Single,0,,,
227,11890382,6,35,Yes,Male,Male,0,0,1,0,0,0,IT manager,10017,10017,10017,"$56,000-$78,000",7,Married,Bachelor's degree (4 years of college),Bachelor's degree (4 years of college),"More than $80,000",Married,2,,,
228,11890385,2,33,Yes,Female,Female,0,0,0,0,0,1,analyst,80120,80120,80129,"$56,000-$78,000",5,Divorced,Associate's degree (2 years of college),Doctoral degree,"More than $80,000",Married,0,,,
229,11890389,6,39,Yes,Male,Male,0,0,1,0,0,0,Financial economist,23234,23234,23234,"$45,500-$55,999",4,Married,Bachelor's degree (4 years of college),Bachelor's degree (4 years of college),"$42,500-$80,000",Married,2,,,
230,11890390,6,28,Yes,Female,Female,0,0,1,0,0,0,IT specialist,92374,92374,92374,"$45,500-$55,999",6,Married,Bachelor's degree (4 years of college),Bachelor's degree (4 years of college),"$42,500-$80,000",Single,1,,,
233,11890394,2,31,Yes,Female,Female,0,0,1,0,0,0,Paralegal,27604,27513,20002,"$25,001-$40,499",4,Married,Highschool degree,Bachelor's degree (4 years of college),"More than $80,000",Single,1,,,
235,11890396,11,28,Yes,Male,Male,0,0,1,0,0,0,Business Analyst,11256,11255,11256,"$56,000-$78,000",5,Married,Bachelor's degree (4 years of college),Bachelor's degree (4 years of college),"$42,500-$80,000",Single,1,,,
236,11890398,9,43,Yes,Female,Female,0,0,1,0,0,0,Preschool Teacher,43203,43205,31792,"$25,001-$40,499",3,Divorced and remarried (one),Master's degree,Master's degree,"$22,500-$42,999",Married,6,,,
237,11890400,1,24,Yes,Male,Male,0,0,1,0,0,0,manufacturing industry,30002,30002,30002,"More than $78,000",3,Married,Bachelor's degree (4 years of college),Bachelor's degree (4 years of college),"More than $80,000",Married,1,,,
238,11890402,1,29,Yes,Female,Female,0,0,1,0,0,0,Sales associate,90805,90805,90805,"$56,000-$78,000",4,Never married,Some college,Some college,"$42,500-$80,000",Single,0,,,
239,11890406,8,23,Yes,Female,Female,0,0,0,0,0,1,Lab Supervisor,60131,6231,23452,"$45,500-$55,999",3,Married,Master's degree,Bachelor's degree (4 years of college),"$22,500-$42,999",Single,0,,,
240,11890407,7,37,Yes,Female,Female,0,0,1,0,0,0,Distributer,53216,53218,78219,"$25,001-$40,499",7,Divorced and remarried (one),Highschool degree,Highschool degree,"$12,501-$22,499",Single,2,,,
241,11890409,7,41,Yes,Male,Male,0,0,1,0,0,0,biomedical tech,74055,74055,74055,Don't know,5,Married,Associate's degree (2 years of college),Bachelor's degree (4 years of college),"$42,500-$80,000",Married,2,,,
243,11890415,8,48,Yes,Female,Female,0,0,1,0,0,0,Courier,11202,11202,19134,"$45,500-$55,999",2,Divorced,Bachelor's degree (4 years of college),Bachelor's degree (4 years of college),"$22,500-$42,999",Single,0,,,
244,11890416,7,31,Yes,Female,Female,0,0,0,0,0,1,Biologist,34652,34652,29445,"$45,500-$55,999",6,Married,Bachelor's degree (4 years of college),Bachelor's degree (4 years of college),"More than $80,000",Married,0,,,
245,11890417,3,24,Yes,Female,Female,0,0,0,0,0,1,computer programmer ,90014,90014,30303,"More than $78,000",6,Married,Master's degree,Bachelor's degree (4 years of college),"$42,500-$80,000",Single,0,,,
246,11890418,9,53,Yes,Male,Male,0,0,1,0,0,0,Project Manager,11203,11203,8648,"$56,000-$78,000",4,Widowed,Some college,Master's degree,"More than $80,000",Married,1,,,
247,11890422,6,38,Yes,Female,Female,0,0,1,0,0,0,Customer service Rep,60653,60653,60607,"Less than $25,000",5,Divorced,Highschool degree,Bachelor's degree (4 years of college),"$22,500-$42,999",Single,0,,,
248,11890423,4,22,Yes,Female,Female,0,0,0,0,0,1,Clerk,95131,95131,95131,"$56,000-$78,000",4,Married,Bachelor's degree (4 years of college),Bachelor's degree (4 years of college),"$42,500-$80,000",Single,0,,,
249,11890427,2,40,Yes,Female,Female,0,0,1,0,0,0,microtasker,22657,22601,55046,"$25,001-$40,499",4,Divorced and remarried (one),Associate's degree (2 years of college),Some college,"Less than $12,500",Single,0,,,
250,11890428,2,37,Yes,Male,Male,0,0,1,0,0,0,substittute teacher,42701,42701,42701,"Less than $25,000",4,Never married,Bachelor's degree (4 years of college),Master's degree,"$12,501-$22,499",Single,1,,,
251,11890430,4,34,Yes,Male,Male,0,0,1,0,0,0,Financier,60644,60644,77701,"$45,500-$55,999",6,Married,Some college,Bachelor's degree (4 years of college),"$42,500-$80,000",Married,2,,,
252,11890432,3,27,Yes,Male,Male,0,0,1,0,0,0,Manufacturing Manager,11211,11211,11211,"More than $78,000",4,Married,Doctoral degree,Doctoral degree,"More than $80,000",Married,2,,,
253,11890433,6,35,Yes,Male,Male,0,0,1,0,0,0,DevOps Enginner,10095,10095,10095,"More than $78,000",5,Married,Doctoral degree,Doctoral degree,"More than $80,000",Married,2,,,
254,11890437,5,29,Yes,Male,Male,0,0,1,0,0,0,project management,32621,32621,32621,"$25,001-$40,499",5,Widowed,Bachelor's degree (4 years of college),Bachelor's degree (4 years of college),"$22,500-$42,999",Married,1,,,
255,11890440,5,30,Yes,Male,Male,0,0,1,0,0,0,engineer ,10013,10013,90014,"More than $78,000",7,Widowed,Bachelor's degree (4 years of college),Bachelor's degree (4 years of college),"More than $80,000",Married,0,,,
256,11890453,9,41,Yes,Female,Female,0,0,1,0,0,0,Guest Sevices Rep,11231,11231,11225,"$25,001-$40,499",4,Never married,Highschool degree,Some college,"$42,500-$80,000",Single,1,,,
257,11890454,2,34,Yes,Female,Female,0,0,0,0,0,1,INSTRUCTIONAL AIDE,45885,45787,16424,Don't know,6,Divorced,Associate's degree (2 years of college),Associate's degree (2 years of college),"Less than $12,500",Married,3,,,
258,11890457,8,57,Yes,Male,Male,0,0,1,0,0,0,Freelance proofreader,60615,60615,60640,"$45,500-$55,999",10,Never married,Some college,Some college,"Less than $12,500",Single,0,,,
259,11890460,0,30,Yes,Male,Male,0,0,1,0,0,0,product manager,20101,20101,33093,"$45,500-$55,999",6,Divorced,Doctoral degree,Doctoral degree,"$42,500-$80,000",Married,2,,,
260,11890468,11,48,Yes,Male,Male,0,0,1,0,0,0,Manager,10005,10005,75001,"More than $78,000",5,Married,Doctoral degree,Doctoral degree,"More than $80,000",Married,4,,,
261,11890470,6,32,Yes,Male,Male,0,0,1,0,0,0,Manager,30047,30047,30047,"More than $78,000",5,Married,Bachelor's degree (4 years of college),Bachelor's degree (4 years of college),"More than $80,000",Married,1,,,
263,11890473,5,37,Yes,Female,Female,0,0,1,0,0,0,principal,75223,75223,75126,"More than $78,000",5,Divorced and remarried (one),Associate's degree (2 years of college),Master's degree,"More than $80,000",Married,2,,,
264,11890475,6,26,Yes,Female,Female,0,0,1,0,0,0,Behavior Technician ,73506,73501,73507,"$25,001-$40,499",6,Married,Some college,Bachelor's degree (4 years of college),"$22,500-$42,999",Single,0,,,
265,11890477,3,60,Yes,Female,Female,0,0,1,0,0,0,CEO,0,11224,33905,"More than $78,000",11,Divorced,Bachelor's degree (4 years of college),Doctoral degree,"More than $80,000",Married,2,,,
266,11890478,4,26,Yes,Female,Female,0,0,1,0,0,0,Paralegal,36116,36116,36117,"More than $78,000",5,Married,Master's degree,Bachelor's degree (4 years of college),"More than $80,000",Married,2,,,
268,11890482,9,39,Yes,Female,Female,0,0,1,0,0,0,Accountant,10003,10003,10045,"$56,000-$78,000",5,Married,Bachelor's degree (4 years of college),Bachelor's degree (4 years of college),"$42,500-$80,000",Married,2,,,
269,11890484,5,39,Yes,Male,Male,0,0,0,0,0,1,Teacher,40509,40509,40403,"$56,000-$78,000",3,Divorced,Master's degree,Bachelor's degree (4 years of college),"$42,500-$80,000",Married,1,,,
270,11890490,6,39,Yes,Female,Female,0,0,1,0,0,0,Collection Specialist,75223,75223,75235,"$56,000-$78,000",5,Never married,Highschool degree,Associate's degree (2 years of college),"$42,500-$80,000",Single,3,,,
273,11890495,6,27,Yes,Male,Male,0,0,1,0,0,0,security,19008,19008,19008,"$25,001-$40,499",7,Never married,Bachelor's degree (4 years of college),Bachelor's degree (4 years of college),"$42,500-$80,000",Single,2,,,
278,11890501,5,27,Yes,Female,Female,0,0,0,0,0,1,Gig worker,84062,84062,84062,"$25,001-$40,499",5,Married,Bachelor's degree (4 years of college),Some college,"$12,501-$22,499",Single,0,,,
279,11890502,4,52,Yes,Female,Female,0,0,1,0,0,0,HR Manager,11369,11369,23454,"$25,001-$40,499",5,Widowed,Highschool degree,Master's degree,"More than $80,000",Single,1,,,
280,11890510,9,34,Yes,Male,Male,0,0,1,0,0,0,Self-Employed,0,0,30238,"$45,500-$55,999",3,Married,Highschool degree,Doctoral degree,"$42,500-$80,000",Single,0,,,
281,11890511,11,44,Yes,Female,Female,0,0,1,0,0,0,Office manager,2125,2119,2125,"Less than $25,000",3,Never married,Some college,Bachelor's degree (4 years of college),"$42,500-$80,000",Married,3,,,
283,11890518,9,24,Yes,Male,Male,0,0,1,0,0,0,sales,10002,10002,30002,"$56,000-$78,000",3,Married,Associate's degree (2 years of college),Bachelor's degree (4 years of college),"$42,500-$80,000",Married,1,,,
285,11890520,9,25,Yes,Female,Female,0,0,0,0,0,1,software developer,60097,60097,60097,"$25,001-$40,499",3,Married,Bachelor's degree (4 years of college),Bachelor's degree (4 years of college),"$22,500-$42,999",Married,1,,,
286,11890522,8,55,Yes,Male,Male,0,0,1,0,0,0,Gig Contractor,60616,60649,64082,"$56,000-$78,000",6,Widowed,Highschool degree,Some college,"$42,500-$80,000",Married,2,,,
287,11890523,9,29,Yes,Female,Female,0,0,0,0,0,1,Software Engineer,77901,77901,77901,"$45,500-$55,999",4,Married,Bachelor's degree (4 years of college),Bachelor's degree (4 years of college),"$22,500-$42,999",Married,4,,,
288,11890524,2,43,Yes,Male,Male,0,0,1,1,0,0,online english tutor,33176,33176,33027,"More than $78,000",5,Never married,Master's degree,Associate's degree (2 years of college),"More than $80,000",Single,1,,,
289,11890529,1,32,Yes,Male,Male,0,0,1,0,0,0,Software Engineer,60601,60601,60603,"More than $78,000",5,Married,Doctoral degree,Doctoral degree,"More than $80,000",Married,2,,,
290,11890536,7,27,Yes,Female,Female,0,0,1,0,0,0,0,0,0,34655,"Less than $25,000",4,Never married,Highschool degree,Highschool degree,"Less than $12,500",Single,0,,,
291,11890539,7,37,Yes,Female,Female,0,0,1,0,0,0,Unemployed,77040,77040,77407,"$45,500-$55,999",4,Married,Highschool degree,Bachelor's degree (4 years of college),"Less than $12,500",Single,0,,,
292,11890540,1,47,Yes,Female,Female,0,0,0,0,0,1,Unemployed,53224,53224,40502,Don't know,2,Divorced,Bachelor's degree (4 years of college),Some college,"Less than $12,500",Single,1,,,
293,11890541,0,25,Yes,Female,Female,0,0,1,0,0,0,Office Manager,30033,78613,11218,"$25,001-$40,499",6,Married,Bachelor's degree (4 years of college),Bachelor's degree (4 years of college),"$42,500-$80,000",Single,0,,,
294,11890545,0,43,Yes,Female,Female,0,0,0,0,0,1,AI trainer,12010,12134,49221,"$25,001-$40,499",4,Married,Highschool degree,Bachelor's degree (4 years of college),"$22,500-$42,999",Single,0,,,
295,11890548,1,55,Yes,Male,Male,0,0,1,0,0,0,Educator,29203,29203,29209,"$45,500-$55,999",7,Married,Some highschool,Master's degree,"$42,500-$80,000",Married,4,,,
296,11890549,5,50,Yes,Male,Male,0,0,1,0,0,0,Hotel Manager,89506,89506,89031,"Less than $25,000",6,Married,Some highschool,Some college,"More than $80,000",Married,3,,,
297,11890552,0,28,Yes,Male,Male,0,0,1,0,0,0,business,43229,43229,43229,"$56,000-$78,000",8,Married,Bachelor's degree (4 years of college),Bachelor's degree (4 years of college),"$42,500-$80,000",Married,2,,,
299,11890557,7,35,Yes,Male,Male,0,0,0,0,0,1,Clinical REsearch,61114,61114,60622,"More than $78,000",4,Never married,Master's degree,Bachelor's degree (4 years of college),"More than $80,000",Single,0,,,
300,11890558,2,36,Yes,Male,Male,0,0,0,0,0,1,Engineer,29588,29588,29588,"More than $78,000",4,Married,Bachelor's degree (4 years of college),Bachelor's degree (4 years of college),"More than $80,000",Married,1,,,
301,11890565,3,25,Yes,Male,Male,0,0,1,0,0,0,Unemployed,48911,48911,48911,"Less than $25,000",3,Never married,Associate's degree (2 years of college),Associate's degree (2 years of college),"Less than $12,500",Single,0,,,
302,11890567,9,24,Yes,Male,Male,0,0,1,0,0,0,Ai training,99669,85226,85226,"$45,500-$55,999",4,Married,Doctoral degree,Bachelor's degree (4 years of college),"$22,500-$42,999",Single,0,,,
303,11890573,9,39,Yes,Male,Male,0,0,1,0,0,0,photographer,70115,70115,77090,"$25,001-$40,499",4,Divorced,Bachelor's degree (4 years of college),Bachelor's degree (4 years of college),"$42,500-$80,000",Married,0,,,
304,11890575,3,24,Yes,Male,Male,0,0,1,1,0,0,educator,78211,78211,78242,"$56,000-$78,000",8,Never married,Some college,Bachelor's degree (4 years of college),"$42,500-$80,000",Single,0,,,
305,11890576,9,38,Yes,Female,Female,0,0,0,0,0,1,sales,66203,46151,80003,"More than $78,000",4,Married,Associate's degree (2 years of college),Bachelor's degree (4 years of college),"More than $80,000",Married,0,,,
307,11890578,5,42,Yes,Female,Female,0,0,1,0,0,0,customer support Rep,77642,77642,77642,"More than $78,000",5,Divorced,Highschool degree,Highschool degree,"$22,500-$42,999",Married,1,,,
308,11890579,2,33,Yes,Male,Male,0,0,0,0,0,1,Data Analyst,19116,19116,19104,"$45,500-$55,999",4,Never married,Bachelor's degree (4 years of college),Bachelor's degree (4 years of college),"$22,500-$42,999",Single,0,,,
309,11890581,7,30,Yes,Male,Male,0,0,0,0,0,1,Student,92411,92881,92881,"$25,001-$40,499",3,Married,Some college,Highschool degree,"$22,500-$42,999",Single,0,,,
310,11890586,2,34,Yes,Male,Male,0,0,0,0,0,1,Software Engineer,31520,31520,31520,"Less than $25,000",4,Married,Some college,Bachelor's degree (4 years of college),"$22,500-$42,999",Married,0,,,
311,11890587,10,27,Yes,Male,Male,0,0,0,0,0,1,IT,72653,72653,72653,"$25,001-$40,499",4,Married,Associate's degree (2 years of college),Bachelor's degree (4 years of college),"$22,500-$42,999",Married,2,,,
312,11890591,7,20,Yes,Female,Female,0,0,1,0,0,0,Babysitter,75043,75043,75043,Don't know,10,Married,Highschool degree,Highschool degree,"Less than $12,500",Single,0,,,
313,11890594,6,22,Yes,Female,Female,0,0,1,0,0,0,Pre-school Teacher,39046,39046,39157,Don't know,5,Never married,Bachelor's degree (4 years of college),Associate's degree (2 years of college),"$22,500-$42,999",Single,0,,,
314,11890598,7,29,Yes,Male,Male,0,0,0,0,0,1,information technology,10977,10977,10977,"More than $78,000",5,Married,Bachelor's degree (4 years of college),Bachelor's degree (4 years of college),"$42,500-$80,000",Married,2,,,
315,11890601,7,28,Yes,Male,Male,0,0,0,0,0,1,Software Engineer,37370,37370,37370,"$45,500-$55,999",5,Married,Bachelor's degree (4 years of college),Bachelor's degree (4 years of college),"$42,500-$80,000",Married,2,,,
317,11890607,10,38,Yes,Female,Female,0,0,1,0,0,0,Calls rep,52402,52402,52404,"$25,001-$40,499",6,Never married,Highschool degree,Highschool degree,"$22,500-$42,999",Single,2,,,
318,11890609,0,21,Yes,Female,Female,0,0,1,0,0,0,"Agriculture, food and natural resources",33156,33156,33156,"$56,000-$78,000",6,Married,Bachelor's degree (4 years of college),Bachelor's degree (4 years of college),"$22,500-$42,999",Single,0,,,
319,11890612,10,57,Yes,Female,Female,0,0,0,0,0,1,Administrative Clerk,49660,49660,49405,"$25,001-$40,499",4,Married,Highschool degree,Associate's degree (2 years of college),"More than $80,000",Married,2,,,
320,11890617,8,31,Yes,Female,Female,0,0,0,0,0,1,Software Developer,90247,90247,90247,"$25,001-$40,499",6,Married,Bachelor's degree (4 years of college),Bachelor's degree (4 years of college),"$22,500-$42,999",Married,2,,,
321,11890618,7,26,Yes,Male,Male,0,0,1,1,0,0,Research Associate,33157,33157,50010,"$25,001-$40,499",3,Divorced,Bachelor's degree (4 years of college),Master's degree,"$22,500-$42,999",Single,0,,,
322,11890619,5,39,Yes,Male,Male,0,0,1,0,0,0,Human resources representative,27703,27703,27703,"$25,001-$40,499",6,Married,Some highschool,Bachelor's degree (4 years of college),"Less than $12,500",Married,2,,,
324,11890635,0,38,Yes,Female,Female,0,0,1,0,0,0,ESL Teacher,11201,11411,8691,"$45,500-$55,999",5,Divorced and remarried (one),Bachelor's degree (4 years of college),Bachelor's degree (4 years of college),"$22,500-$42,999",Single,0,,,
325,11890641,11,23,Yes,Female,Female,0,0,1,0,0,0,,92134,21060,21060,"More than $78,000",6,Divorced,Master's degree,Bachelor's degree (4 years of college),"Less than $12,500",Single,0,,,
327,11890647,3,23,Yes,Female,Female,0,0,0,0,0,1,stock associate,19134,19134,19135,"$25,001-$40,499",6,Widowed,Highschool degree,Some college,"$22,500-$42,999",Single,1,,,
329,11890652,5,25,Yes,Male,Male,0,0,1,0,0,0,web developer,77002,77002,77002,"$56,000-$78,000",4,Married,Bachelor's degree (4 years of college),Bachelor's degree (4 years of college),"More than $80,000",Married,1,,,
330,11890655,6,43,No,Male,Male,0,0,1,0,0,0,sales manager,38126,38126,38106,"$56,000-$78,000",8,Married,Highschool degree,Associate's degree (2 years of college),"$42,500-$80,000",Married,2,,,
331,11890656,3,39,Yes,Male,Male,0,0,0,0,0,1,software engineer,10467,10467,10467,"$25,001-$40,499",6,Married,Bachelor's degree (4 years of college),Bachelor's degree (4 years of college),"$22,500-$42,999",Married,2,,,
332,11890659,11,44,Yes,Male,Male,0,0,0,0,0,1,Office Support,48640,48618,48618,"$45,500-$55,999",3,Married,Master's degree,Highschool degree,"$12,501-$22,499",Single,0,,,
334,11890668,3,24,Yes,Female,Female,0,0,1,0,0,0,contract worker,60153,60153,60153,"$56,000-$78,000",5,Married,Associate's degree (2 years of college),Some college,"Less than $12,500",Single,0,,,
335,11890669,7,23,Yes,Male,Male,0,0,1,0,0,0,Engineer,10001,10003,10005,"More than $78,000",4,Married,Bachelor's degree (4 years of college),Bachelor's degree (4 years of college),"$42,500-$80,000",Married,1,,,
336,11890670,2,36,Yes,Female,Female,0,0,1,0,0,0,Unemployed,36521,36521,36521,"$25,001-$40,499",9,Never married,Highschool degree,Highschool degree,"$12,501-$22,499",Single,0,,,
338,11890673,5,33,Yes,Male,Male,0,0,0,0,0,1,Billing machine operator,46254,46254,46254,"$25,001-$40,499",4,Married,Bachelor's degree (4 years of college),Bachelor's degree (4 years of college),"$22,500-$42,999",Married,2,,,
339,11890674,3,60,Yes,Male,Male,0,0,0,0,0,1,Music production,21133,21133,21214,"$25,001-$40,499",4,Widowed,Some college,Some college,"$42,500-$80,000",Married,0,,,
340,11890675,0,42,Yes,Male,Male,0,0,0,0,0,1,Contract grant writer,60115,60115,3770,"More than $78,000",3,Married,Doctoral degree,Doctoral degree,"More than $80,000",Married,0,,,
341,11890678,6,63,Yes,Female,Female,0,0,0,0,0,1,Healthcare Manager,22302,22302,32751,"More than $78,000",5,Divorced,Master's degree,Associate's degree (2 years of college),"$22,500-$42,999",Divorced,1,,,
342,11890685,0,39,Yes,Female,Female,0,0,1,1,0,0,AI evaluator,74106,74127,74106,"$25,001-$40,499",9,Divorced,Some college,Highschool degree,"$22,500-$42,999",Married,3,,,
343,11890687,3,64,Yes,Female,Female,0,0,0,0,0,1,receptionist,28208,28208,28208,"$25,001-$40,499",9,__other,Some highschool,Highschool degree,"Less than $12,500",Single,1,deceased,,
344,11890690,3,39,Yes,Male,Male,0,0,0,0,0,1,Assistant Construction Manager,92801,92801,92602,"More than $78,000",5,Married,Highschool degree,Some college,"$42,500-$80,000",Divorced,3,,,
345,11890691,0,35,Yes,Male,Male,0,0,0,0,0,1,Controller,18702,18702,18705,"$56,000-$78,000",6,Married,Bachelor's degree (4 years of college),Bachelor's degree (4 years of college),"$42,500-$80,000",Single,0,,,
346,11890694,1,30,Yes,Male,Male,0,0,1,0,0,0,Financial associates,10118,10118,10118,"More than $78,000",7,Married,Associate's degree (2 years of college),Bachelor's degree (4 years of college),"More than $80,000",Married,1,,,
347,11890696,3,54,Yes,Female,Female,0,0,0,0,0,1,Graphic Design,36116,36116,92879,"$56,000-$78,000",5,Divorced,Bachelor's degree (4 years of college),Bachelor's degree (4 years of college),"$42,500-$80,000",Married,5,,,
348,11890697,5,28,Yes,Male,Male,0,0,1,0,0,0,content moderator,30060,30060,30060,Don't know,3,Divorced,Some college,Bachelor's degree (4 years of college),"Less than $12,500",Single,0,,,
349,11890698,8,29,Yes,Male,Male,0,0,0,0,0,1,Software Developer,89436,89436,89436,"$45,500-$55,999",5,Married,Bachelor's degree (4 years of college),Bachelor's degree (4 years of college),"$42,500-$80,000",Married,2,,,
350,11890699,1,42,Yes,Female,Female,0,0,0,0,0,1,Cashier,43906,43939,43935,"Less than $25,000",6,Married,Highschool degree,No highschool,"$22,500-$42,999",Married,0,,,
351,11890700,1,28,Yes,Male,Male,0,0,1,0,0,0,Financial Analyst,80252,80252,77002,"$45,500-$55,999",6,Married,Bachelor's degree (4 years of college),Master's degree,"$42,500-$80,000",Married,2,,,
352,11890701,4,39,Yes,Female,Female,0,0,0,0,0,1,Sales,15009,45690,28150,"$25,001-$40,499",7,Divorced and remarried (both),Associate's degree (2 years of college),Associate's degree (2 years of college),"$22,500-$42,999",Divorced,0,,,
353,11890705,0,31,Yes,Male,Male,0,0,0,0,0,1,customer service rep,73071,73071,73071,"Less than $25,000",5,Divorced,Bachelor's degree (4 years of college),Bachelor's degree (4 years of college),"$12,501-$22,499",Married,2,,,
355,11890707,0,25,Yes,Female,Female,0,0,0,0,0,1,Speech Language Pathologist,53566,53504,53705,"$56,000-$78,000",5,Widowed,Master's degree,Master's degree,"$42,500-$80,000",Single,0,,,
356,11890709,11,44,Yes,Female,Female,0,0,1,0,0,0,Homemaker,35020,35020,36066,Don't know,3,Divorced,Some college,Associate's degree (2 years of college),"$42,500-$80,000",Married,0,,,
357,11890720,5,37,Yes,Male,Male,0,0,1,0,0,0,Sales manager,60617,60617,60617,"More than $78,000",4,Married,Master's degree,Bachelor's degree (4 years of college),"More than $80,000",Single,0,,,
358,11890724,1,26,Yes,Male,Male,0,0,1,0,0,0,Physiology Research,50613,50613,52240,"$56,000-$78,000",4,Married,Bachelor's degree (4 years of college),Bachelor's degree (4 years of college),"$42,500-$80,000",Single,0,,,
359,11890730,9,40,Yes,Male,Male,0,0,1,0,0,0,Unemployed,90120,0,20878,"Less than $25,000",4,Widowed,Highschool degree,Some college,"Less than $12,500",Single,0,,,
360,11890731,2,23,Yes,Female,Female,0,0,1,1,0,0,Research Assistant,11434,11434,11434,"$56,000-$78,000",6,Married,Master's degree,Bachelor's degree (4 years of college),"$42,500-$80,000",Single,0,,,
362,11890734,7,39,Yes,Male,Male,0,0,0,0,0,1,Educational consultant,47670,47670,47670,"$45,500-$55,999",4,Married,Bachelor's degree (4 years of college),Doctoral degree,"$42,500-$80,000",Single,0,,,
363,11890740,0,38,Yes,Female,Female,0,0,1,0,0,0,Unemployed,77092,32246,32218,"Less than $25,000",4,Never married,Highschool degree,Highschool degree,"$12,501-$22,499",Single,1,,,
364,11890741,11,39,Yes,Female,Female,0,0,1,0,0,0,Tax assessor,20736,20736,22553,"$56,000-$78,000",3,Married,Bachelor's degree (4 years of college),Bachelor's degree (4 years of college),"$42,500-$80,000",Married,0,,,
365,11890744,1,18,Yes,Male,Male,0,0,1,0,0,0,employe,30001,30001,30001,"More than $78,000",3,Never married,Bachelor's degree (4 years of college),Bachelor's degree (4 years of college),"More than $80,000",Single,0,,,
366,11890745,2,29,Yes,Female,Female,0,0,1,0,0,0,Customer support specialist,49507,49507,49505,"$25,001-$40,499",5,Divorced,Some college,Some college,"$22,500-$42,999",Single,1,,,
367,11890749,7,61,Yes,Female,Female,0,0,0,0,0,1,Retired,48024,48024,49544,"More than $78,000",5,Divorced,Some college,Some college,"$22,500-$42,999",Divorced,3,,,
368,11890750,9,72,Yes,Female,Female,0,0,0,0,0,1,Retired legal assistant,41760,41760,41074,"$56,000-$78,000",4,Divorced,Bachelor's degree (4 years of college),Bachelor's degree (4 years of college),"$42,500-$80,000",Divorced,2,,,
369,11890753,6,30,Yes,Female,Female,0,0,0,0,0,1,Management,95124,95124,95124,"$56,000-$78,000",3,Married,Bachelor's degree (4 years of college),Bachelor's degree (4 years of college),"$42,500-$80,000",Married,1,,,
374,11890767,2,35,Yes,Female,Female,0,0,1,0,0,0,Freelance,30905,31707,31730,"$25,001-$40,499",3,Divorced,Associate's degree (2 years of college),Some college,"Less than $12,500",Single,0,,,
376,11890770,1,32,Yes,Male,Male,0,0,1,0,0,0,Software Engineer,30301,30301,30303,"More than $78,000",4,Married,Doctoral degree,Doctoral degree,"$42,500-$80,000",Married,2,,,
377,11890775,9,24,Yes,Male,Male,0,0,1,0,0,0,sales and retail,10003,10003,30003,"$56,000-$78,000",3,Married,Bachelor's degree (4 years of college),Bachelor's degree (4 years of college),"$42,500-$80,000",Single,1,,,
379,11890784,11,72,Yes,Male,Male,0,0,1,0,0,0,Retired,42240,42240,37042,"Less than $25,000",6,__other,Highschool degree,Some college,"$12,501-$22,499",Divorced,0,Deceased,,
380,11890789,6,45,Yes,Female,Female,0,0,1,0,0,0,certified nursing assistant,27587,19144,27587,"$25,001-$40,499",6,Never married,Highschool degree,Highschool degree,"$22,500-$42,999",Single,0,,,
381,11890797,4,28,Yes,Female,Female,0,0,1,0,0,0,Business Management and Administration,10118,10118,10118,"$56,000-$78,000",6,Married,Bachelor's degree (4 years of college),Master's degree,"More than $80,000",Married,1,,,
382,11890801,11,31,Yes,Male,Male,0,0,0,0,0,1,IT,33871,33871,33871,"$25,001-$40,499",4,Married,Associate's degree (2 years of college),Bachelor's degree (4 years of college),"$22,500-$42,999",Married,2,,,
383,11890804,10,34,Yes,Female,Female,0,0,0,0,0,1,Software Engineer,77480,77480,77480,"$45,500-$55,999",6,Married,Bachelor's degree (4 years of college),Bachelor's degree (4 years of college),"$42,500-$80,000",Married,2,,,
384,11890805,6,50,Yes,Female,Female,0,0,1,0,0,0,clerk,48203,48203,45454,"Less than $25,000",8,Never married,Associate's degree (2 years of college),Highschool degree,"$22,500-$42,999",Single,0,,,
386,11890811,0,24,Yes,Male,Male,0,0,0,0,0,1,Sales Representative,19533,19533,19533,"$45,500-$55,999",4,Divorced,Highschool degree,Highschool degree,"$42,500-$80,000",Single,0,,,
387,11890812,9,33,Yes,Female,Female,0,0,1,0,0,0,Insurance Agent,63107,63107,63390,"$25,001-$40,499",4,Never married,Some college,Some college,"$22,500-$42,999",Single,2,,,
388,11890814,0,26,Yes,Male,Male,0,0,1,0,0,0,Self-employed,77033,77033,77033,"Less than $25,000",4,Never married,Highschool degree,Highschool degree,"$12,501-$22,499",Single,0,,,
389,11890820,1,23,Yes,Female,Male,0,0,1,0,0,0,mnager,30002,30002,30002,"$56,000-$78,000",4,Never married,Bachelor's degree (4 years of college),Bachelor's degree (4 years of college),"$42,500-$80,000",Single,0,,,
390,11890821,0,24,Yes,Male,Male,0,0,1,0,0,0,mamager ,30002,30002,30002,"$56,000-$78,000",4,Never married,Bachelor's degree (4 years of college),Bachelor's degree (4 years of college),"$42,500-$80,000",Single,0,,,
391,11890837,4,55,Yes,Female,Female,0,0,1,0,0,0,Daytrader,49017,49017,49014,"More than $78,000",4,Divorced,Bachelor's degree (4 years of college),Bachelor's degree (4 years of college),"More than $80,000",Single,0,,,
392,11890844,10,65,Yes,Female,Female,0,0,0,0,0,1,Retired,29483,29483,29483,"$25,001-$40,499",5,Divorced,Highschool degree,Some college,"$22,500-$42,999",Single,0,,,
393,11890848,11,69,Yes,Male,Male,0,0,0,0,0,1,retired,48206,47362,60612,"Less than $25,000",5,Widowed,Associate's degree (2 years of college),Associate's degree (2 years of college),"$22,500-$42,999",Divorced,2,,,
394,11890850,7,36,Yes,Female,Female,0,0,0,0,0,1,insurance sales,77505,77571,77571,"$45,500-$55,999",5,Married,Highschool degree,Highschool degree,"$22,500-$42,999",Married,2,,,
396,11890855,4,33,Yes,Female,Female,0,0,0,0,0,1,homemaker,43812,43812,34471,"$25,001-$40,499",10,Divorced,Highschool degree,Highschool degree,"$42,500-$80,000",Single,3,,,
397,11890857,8,26,Yes,Male,Male,0,0,0,0,0,1,finance,90016,90016,90016,"More than $78,000",5,Never married,Bachelor's degree (4 years of college),Bachelor's degree (4 years of college),"$42,500-$80,000",Single,2,,,
398,11890858,2,41,Yes,Male,Male,0,0,0,0,0,1,Banker,52033,52033,52241,"More than $78,000",5,Married,Bachelor's degree (4 years of college),Bachelor's degree (4 years of college),"$42,500-$80,000",Married,0,,,
399,11890861,7,33,Yes,Male,Male,0,0,0,0,0,1,IT Specialist,85225,85225,85301,"More than $78,000",5,Married,Bachelor's degree (4 years of college),Bachelor's degree (4 years of college),"$42,500-$80,000",Married,1,,,
400,11890864,1,27,Yes,Male,Male,0,0,1,0,0,0,retail,33101,89101,89117,"More than $78,000",8,Never married,Bachelor's degree (4 years of college),Bachelor's degree (4 years of college),"More than $80,000",Single,0,,,
401,11890865,10,33,Yes,Male,Male,0,0,0,0,0,1,Engineer,19718,19713,19701,"$56,000-$78,000",5,Widowed,Highschool degree,Bachelor's degree (4 years of college),"$42,500-$80,000",Married,1,,,
402,11890868,6,29,Yes,Male,Male,0,0,0,0,0,1,Software Engineer,89156,89156,89156,"$45,500-$55,999",5,Married,Bachelor's degree (4 years of college),Bachelor's degree (4 years of college),"$42,500-$80,000",Married,2,,,
403,11890869,7,41,Yes,Male,Male,0,0,1,0,0,0,Customer service rep,45202,45202,45202,"More than $78,000",4,Never married,Bachelor's degree (4 years of college),Associate's degree (2 years of college),"$22,500-$42,999",Single,0,,,
404,11890870,2,30,Yes,Male,Male,0,0,1,0,0,0,Human Services Manager ,90807,90621,91773,"More than $78,000",5,Married,Bachelor's degree (4 years of college),Master's degree,"More than $80,000",Married,3,,,
405,11890874,1,32,Yes,Female,Female,0,0,0,0,0,1,data analyst,19090,19090,22150,"More than $78,000",4,Widowed,Master's degree,Doctoral degree,"More than $80,000",Married,0,,,
407,11890879,9,32,Yes,Female,Female,0,0,0,0,0,1,homemaker,18940,18940,15237,"More than $78,000",6,Married,Doctoral degree,Bachelor's degree (4 years of college),"More than $80,000",Married,1,,,
408,11890883,4,26,Yes,Male,Male,0,0,1,0,0,0,95111,95111,95111,95111,"More than $78,000",4,Married,Bachelor's degree (4 years of college),Bachelor's degree (4 years of college),"More than $80,000",Married,3,,,
409,11890887,5,40,Yes,Female,Female,0,0,0,0,0,1,stay at home parent,35670,35670,35754,"$25,001-$40,499",3,Married,Highschool degree,Associate's degree (2 years of college),"Less than $12,500",Married,1,,,
410,11890892,8,42,Yes,Female,Female,0,0,1,0,0,0,technology manager,63034,63034,30082,"$56,000-$78,000",4,Never married,Bachelor's degree (4 years of college),Bachelor's degree (4 years of college),"$42,500-$80,000",Single,0,,,
411,11890898,4,23,Yes,Female,Female,0,0,0,0,0,1,,37601,24641,24266,"$25,001-$40,499",2,Never married,Master's degree,Highschool degree,"$22,500-$42,999",Single,1,,,
412,11890900,3,47,Yes,Female,Female,0,0,1,0,0,0,mentsl healthcare worker,7018,7018,27403,Don't know,8,__other,Some highschool,Associate's degree (2 years of college),"$22,500-$42,999",Married,2,deceased,,
413,11890902,4,30,Yes,Female,Female,0,0,0,0,0,1,Concierge,33596,33596,33596,"$45,500-$55,999",4,Divorced and remarried (one),Highschool degree,Bachelor's degree (4 years of college),"$42,500-$80,000",Single,0,,,
415,11890907,1,51,Yes,Female,Female,0,0,1,0,0,0,Chef I,31719,31719,33612,"Less than $25,000",7,Never married,Some highschool,Bachelor's degree (4 years of college),"$42,500-$80,000",Single,0,,,
416,11890909,5,49,Yes,Female,Female,0,0,1,0,0,0,Data Associate,85746,85710,77493,"$45,500-$55,999",9,__other,Associate's degree (2 years of college),Associate's degree (2 years of college),"More than $80,000",Married,3,deceased,,
417,11890910,11,29,Yes,Female,Female,0,0,0,0,0,1,IT,23601,23601,23601,"$45,500-$55,999",4,Married,Associate's degree (2 years of college),Bachelor's degree (4 years of college),"$22,500-$42,999",Married,2,,,
419,11890919,2,22,Yes,Female,Female,0,0,0,0,0,1,doctor,19004,19004,19004,"$45,500-$55,999",9,Married,Bachelor's degree (4 years of college),Bachelor's degree (4 years of college),"$22,500-$42,999",Single,2,,,
420,11890920,7,19,Yes,Female,Female,0,0,0,0,0,1,Student,15237,15237,16066,"More than $78,000",5,Married,Bachelor's degree (4 years of college),Some college,"Less than $12,500",Single,0,,,
422,11890923,9,32,Yes,Male,Male,0,0,1,0,0,0,Sales Rep,70131,70131,70131,"$25,001-$40,499",6,Never married,Bachelor's degree (4 years of college),Bachelor's degree (4 years of college),"$22,500-$42,999",Single,0,,,
429,11890942,10,29,Yes,Male,Male,0,0,1,0,0,0,Warehouse manager,44024,44024,44483,"More than $78,000",4,Married,Highschool degree,Bachelor's degree (4 years of college),"$22,500-$42,999",Married,2,,,
432,11890945,6,37,Yes,Male,Male,0,0,0,0,0,1,Data Aquisition,60060,60060,47150,"$25,001-$40,499",6,Never married,Doctoral degree,Bachelor's degree (4 years of college),"$22,500-$42,999",Single,0,,,
433,11890946,9,30,Yes,Male,Male,0,0,0,0,0,1,Web Developer,95823,90250,6602,"$45,500-$55,999",5,Divorced and remarried (one),Bachelor's degree (4 years of college),Master's degree,"$42,500-$80,000",Single,0,,,
434,11890956,5,43,Yes,Female,Female,0,0,1,0,0,0,CNA,49508,49507,49512,Don't know,8,Never married,Some college,Some college,"$42,500-$80,000",Single,2,,,
435,11890959,3,40,Yes,Female,Female,0,0,0,0,0,1,internet safety evaluator,10705,10705,49120,"$25,001-$40,499",3,Married,Highschool degree,Highschool degree,"$22,500-$42,999",Married,0,,,
436,11890960,0,45,Yes,Female,Female,0,0,0,0,0,1,Land Use Planner,53092,53092,96150,"More than $78,000",4,Married,Bachelor's degree (4 years of college),Bachelor's degree (4 years of college),"More than $80,000",Married,2,,,
438,11890965,5,18,Yes,Female,Female,0,0,0,0,0,1,student,46032,46032,46032,"$45,500-$55,999",5,Divorced,Bachelor's degree (4 years of college),Some college,"Less than $12,500",Single,0,,,
439,11890966,9,26,Yes,Male,Male,0,0,1,0,0,0,Manager,30301,30301,30301,Don't know,4,Married,Highschool degree,Bachelor's degree (4 years of college),"More than $80,000",Married,1,,,
440,11890967,0,27,Yes,Male,Male,0,0,1,0,0,0,Assistant,33101,33101,33101,Don't know,5,Married,Some college,Bachelor's degree (4 years of college),"$22,500-$42,999",Single,0,,,
442,11890971,8,26,Yes,Male,Male,0,0,0,0,0,1,legal,33146,33146,33146,"More than $78,000",6,Never married,Bachelor's degree (4 years of college),Bachelor's degree (4 years of college),"$42,500-$80,000",Single,2,,,
443,11890978,8,26,Yes,Male,Male,0,0,1,0,0,0,education and training,75134,75134,75134,"More than $78,000",5,Never married,Bachelor's degree (4 years of college),Bachelor's degree (4 years of college),"$42,500-$80,000",Single,2,,,
444,11890983,8,26,Yes,Male,Male,0,0,1,0,0,0,"science, technology, engineering and mathematics",90016,90016,90016,"More than $78,000",5,Never married,Bachelor's degree (4 years of college),Bachelor's degree (4 years of college),"$42,500-$80,000",Single,2,,,
445,11890987,5,35,Yes,Female,Female,0,0,1,0,0,0,Music Producer,21219,7052,21219,"$25,001-$40,499",10,Married,Some college,Associate's degree (2 years of college),"Less than $12,500",Single,0,,,
447,11890990,2,41,Yes,Female,Female,0,0,0,0,0,1,office manager,21222,21222,21093,"Less than $25,000",2,Never married,Some college,Some college,"More than $80,000",Married,3,,,
448,11890991,6,64,Yes,Female,Female,0,0,0,0,0,1,Retired,48040,48040,85742,"Less than $25,000",2,Never married,Some college,Associate's degree (2 years of college),"$12,501-$22,499",Divorced,3,,,
449,11890992,5,36,Yes,Male,Male,0,0,0,0,0,1,Unemployed,34476,34476,34476,"More than $78,000",4,Divorced,Associate's degree (2 years of college),Master's degree,"$22,500-$42,999",Single,0,,,
450,11890995,4,39,Yes,Male,Male,0,0,0,0,0,1,Clerk,43608,43608,43130,"$25,001-$40,499",5,Married,Bachelor's degree (4 years of college),Bachelor's degree (4 years of college),"$42,500-$80,000",Married,1,,,
451,11890997,1,19,Yes,Male,Male,0,0,1,0,0,0,Student ,32776,32776,37315,"$45,500-$55,999",4,Married,Doctoral degree,Some college,"Less than $12,500",Single,0,,,
454,11891002,7,31,Yes,Female,Female,0,0,1,0,0,0,Receptionist,79904,29207,29223,"$56,000-$78,000",4,Divorced and remarried (one),Bachelor's degree (4 years of college),Some college,"$22,500-$42,999",Single,0,,,
456,11891007,7,48,Yes,Female,Female,0,0,1,0,0,0,Budget Analyst,30331,30331,30331,Don't know,5,Married,Master's degree,Master's degree,"More than $80,000",Divorced,1,,,
457,11891008,11,47,Yes,Male,Male,0,0,0,0,0,1,Product Manager,4011,4011,78636,Don't know,6,Divorced,Doctoral degree,Bachelor's degree (4 years of college),"More than $80,000",Married,2,,,
458,11891011,5,29,Yes,Male,Male,0,0,0,0,0,1,Physical Therapist,38821,38821,38111,"More than $78,000",4,Widowed,Bachelor's degree (4 years of college),Doctoral degree,"More than $80,000",Married,0,,,
459,11891018,5,28,Yes,Female,Female,0,0,0,0,0,1,1099 Contractor,48654,49841,49441,"Less than $25,000",2,__other,Some college,__other,"$22,500-$42,999",Single,2,deceased,,Currently have B.S. and obtaining dual masters in clinical mental health counseling and school counseling.
460,11891020,7,40,Yes,Male,Male,0,0,0,0,0,1,retail,44052,44052,44052,"$56,000-$78,000",5,Married,Associate's degree (2 years of college),Associate's degree (2 years of college),"$42,500-$80,000",Divorced,1,,,
461,11891024,7,40,Yes,Male,Male,0,0,0,0,0,1,Database Administrator,62501,62501,32579,"$45,500-$55,999",7,Married,Bachelor's degree (4 years of college),Bachelor's degree (4 years of college),"More than $80,000",Married,0,,,
462,11891025,1,27,Yes,Female,Female,0,0,1,0,0,0,teacher's assistant,80916,80916,80916,Don't know,5,Never married,Bachelor's degree (4 years of college),Bachelor's degree (4 years of college),"$42,500-$80,000",Single,0,,,
463,11891028,7,64,Yes,Female,Female,0,0,1,0,0,0,programmer,841,841,23453,"Less than $25,000",9,Widowed,Highschool degree,Master's degree,"More than $80,000",Single,1,,,
464,11891030,2,48,Yes,Female,Female,0,0,1,0,0,0,Administratvie Assistant,71229,71229,71228,"$25,001-$40,499",4,Divorced and remarried (one),Highschool degree,Associate's degree (2 years of college),"$22,500-$42,999",Divorced,2,,,
465,11891034,0,31,Yes,Male,Male,0,0,1,0,0,0,Financial Advisor,32209,32209,32210,"$45,500-$55,999",6,Married,Bachelor's degree (4 years of college),Master's degree,"$42,500-$80,000",Single,0,,,
466,11891038,9,53,Yes,Male,Male,0,0,1,0,0,0,IT Systems Administrator,30296,30303,30092,"Less than $25,000",5,Divorced and remarried (one),Highschool degree,Some college,"More than $80,000",Married,0,,,
467,11891039,8,27,Yes,Male,Male,0,0,1,0,0,0,wqaiter,10005,10001,10001,"$45,500-$55,999",4,Married,Associate's degree (2 years of college),Bachelor's degree (4 years of college),"$42,500-$80,000",Married,0,,,
468,11891047,6,49,Yes,Female,Female,0,0,1,0,0,0,Content Writer,76301,20855,44240,"Less than $25,000",5,Never married,Some college,Associate's degree (2 years of college),"Less than $12,500",Divorced,2,,,
469,11891060,0,31,Yes,Male,Male,0,0,1,0,0,0,Procurement,30066,30066,30066,Don't know,5,Married,Master's degree,Bachelor's degree (4 years of college),"$42,500-$80,000",Single,0,,,
471,11891080,4,20,Yes,Female,Female,0,0,1,0,0,0,Teacher,30349,30349,29063,"$45,500-$55,999",3,Never married,Master's degree,Highschool degree,"Less than $12,500",Single,0,,,
472,11891082,1,30,Yes,Male,Male,0,0,1,0,0,0,Analyst,7461,7461,10116,"More than $78,000",6,Divorced,Bachelor's degree (4 years of college),Bachelor's degree (4 years of college),"$42,500-$80,000",Single,1,,,
473,11891086,1,21,Yes,Male,Male,0,0,1,0,0,0,Painter ,48222,48222,48222,"$56,000-$78,000",4,Married,Master's degree,Bachelor's degree (4 years of college),"$12,501-$22,499",Single,0,,,
474,11891094,7,28,Yes,Male,Male,0,0,1,0,0,0,Administrative officer,75270,75270,75270,"$25,001-$40,499",5,Married,Associate's degree (2 years of college),Master's degree,"$12,501-$22,499",Single,0,,,
475,11891100,6,28,Yes,Female,Female,0,0,1,0,0,0,Manufacuring,65101,65101,65101,"Less than $25,000",3,Never married,Bachelor's degree (4 years of college),Some college,"Less than $12,500",Single,0,,,
476,11891110,8,35,Yes,Male,Male,0,0,1,0,0,0,media and entertainment ,60018,60130,60600,Don't know,2,Married,Some college,Bachelor's degree (4 years of college),"More than $80,000",Married,3,,,
477,11891115,8,24,Yes,Male,Male,0,0,1,0,0,0,Information technology,78249,78249,78109,"$45,500-$55,999",5,Divorced,Bachelor's degree (4 years of college),Bachelor's degree (4 years of college),"$42,500-$80,000",Single,0,,,
478,11891127,4,25,Yes,Female,Female,0,0,0,0,0,1,Financial Analyst ,8053,8053,30076,"More than $78,000",4,Married,Bachelor's degree (4 years of college),Bachelor's degree (4 years of college),"$42,500-$80,000",Married,0,,,
479,11891134,0,47,Yes,Female,Female,0,0,1,0,0,0,Homemaker,90301,90047,79901,"Less than $25,000",4,Divorced and remarried (both),Master's degree,Bachelor's degree (4 years of college),"$12,501-$22,499",Divorced,2,,,
480,11891136,1,35,Yes,Male,Male,0,0,1,0,0,0,Computer Engineer,60039,60039,60039,"$56,000-$78,000",5,Married,Associate's degree (2 years of college),Associate's degree (2 years of college),"$42,500-$80,000",Married,2,,,
481,11891140,5,55,Yes,Female,Female,0,0,1,0,0,0,Unemployed,64132,64134,64137,"$25,001-$40,499",5,Widowed,Some college,Some college,"$22,500-$42,999",Single,4,,,
482,11891143,5,35,Yes,Male,Male,0,0,1,0,0,0,Self-employed,11221,11221,11221,"$25,001-$40,499",5,Never married,Some college,Some college,"$22,500-$42,999",Single,0,,,
483,11891147,7,23,Yes,Male,Male,0,0,1,0,0,0,Engineer,10118,10118,10118,"More than $78,000",4,Married,Bachelor's degree (4 years of college),Bachelor's degree (4 years of college),"$42,500-$80,000",Married,1,,,
484,11891153,10,48,Yes,Female,Female,0,0,1,0,0,0,customer service representative,30310,30310,30311,"Less than $25,000",4,Married,Some college,Associate's degree (2 years of college),"$22,500-$42,999",Single,2,,,
485,11891158,0,30,Yes,Male,Male,0,0,1,0,0,0,Trained Professional.,2119,2119,2125,"$25,001-$40,499",6,Married,Some college,Master's degree,"$42,500-$80,000",Married,1,,,
487,11891173,9,61,Yes,Female,Female,0,0,1,0,0,0,Owner- Professional Consulting Services,31902,31902,38127,"Less than $25,000",3,Divorced,Highschool degree,Bachelor's degree (4 years of college),"More than $80,000",Married,4,,,
488,11891181,8,25,Yes,Female,Female,0,0,1,0,0,0,Medical Doctor,14201,14201,14205,"More than $78,000",6,Divorced,Bachelor's degree (4 years of college),Bachelor's degree (4 years of college),"$42,500-$80,000",Single,0,,,
489,11891187,11,32,Yes,Male,Male,0,0,1,0,0,0,Teacher,55401,55401,75051,"$25,001-$40,499",8,Married,Master's degree,Master's degree,"$22,500-$42,999",Married,2,,,
490,11891198,3,40,Yes,Female,Female,0,0,1,1,0,0,Telecom,35803,35802,35803,"$25,001-$40,499",4,Married,Highschool degree,Highschool degree,"$42,500-$80,000",Married,2,,,
491,11891203,5,37,Yes,Female,Male,0,0,1,0,0,0,,73644,73644,73624,"$25,001-$40,499",7,Married,Some college,Some college,"$12,501-$22,499",Single,0,,,
492,11891206,11,66,Yes,Female,Female,0,0,1,0,0,0,substitute school nurse,71109,77104,76108,"Less than $25,000",4,Widowed,No highschool,Bachelor's degree (4 years of college),"$12,501-$22,499",Married,2,,,
493,11891212,2,36,Yes,Female,Female,0,0,1,0,0,0,home maker,91914,32534,30016,"$25,001-$40,499",5,Married,Some college,Bachelor's degree (4 years of college),"More than $80,000",Married,1,,,
494,11891216,2,40,Yes,Male,Male,0,0,1,0,0,0,Talent Manager,11102,11224,11208,"More than $78,000",5,Divorced and remarried (both),Associate's degree (2 years of college),Some college,"$42,500-$80,000",Single,0,,,
496,11891218,11,53,Yes,Female,Female,0,0,1,0,0,0,tutor,27834,27834,27834,Don't know,11,Divorced and remarried (one),Highschool degree,Associate's degree (2 years of college),"$22,500-$42,999",Single,1,,,
498,11891228,11,25,Yes,Male,Male,0,0,1,0,0,0,Student,19132,19132,19132,"$45,500-$55,999",5,Never married,Bachelor's degree (4 years of college),Bachelor's degree (4 years of college),"$42,500-$80,000",Single,0,,,
499,11891231,10,37,Yes,Female,Female,0,0,1,0,0,0,Logistics Manager,60649,60649,60621,Don't know,3,Divorced,Master's degree,Associate's degree (2 years of college),"$42,500-$80,000",Single,0,,,
501,11891245,3,28,Yes,Male,Male,0,0,1,0,0,0,Financial Manager,11235,11235,11235,"Less than $25,000",7,Divorced,Associate's degree (2 years of college),Bachelor's degree (4 years of college),"$22,500-$42,999",Single,0,,,
502,11891249,8,41,Yes,Female,Female,0,0,1,0,0,0,Freelance copywriter,23605,23605,23605,"Less than $25,000",3,Never married,Bachelor's degree (4 years of college),Master's degree,"$22,500-$42,999",Single,0,,,
503,11891261,8,19,Yes,Female,Female,0,0,1,0,0,0,College work-study ,89115,89115,89115,Don't know,4,Married,Bachelor's degree (4 years of college),Some college,"Less than $12,500",Single,0,,,
504,11891267,7,39,Yes,Male,Male,0,0,1,0,0,0,Road maintenance worker ,94501,94501,94577,"More than $78,000",4,Married,Highschool degree,Some college,"$42,500-$80,000",Single,1,,,
505,11891268,7,43,Yes,Female,Female,0,0,1,0,0,0,Data Processor,77004,77004,77077,"$45,500-$55,999",4,Married,Bachelor's degree (4 years of college),Some college,"Less than $12,500",Single,0,,,
506,11891269,3,42,Yes,Male,Male,0,0,1,0,0,0,care taker,21601,21601,21673,"Less than $25,000",3,Never married,Highschool degree,Some college,"$42,500-$80,000",Single,0,,,
507,11891270,3,20,Yes,Female,Female,0,0,1,0,0,0,Media intern,76018,76018,76018,"Less than $25,000",5,Married,Bachelor's degree (4 years of college),Associate's degree (2 years of college),"Less than $12,500",Single,0,,,
508,11891274,2,23,Yes,Male,Male,0,0,1,0,0,0,teacher,10523,10523,33179,"$56,000-$78,000",4,Never married,Bachelor's degree (4 years of college),Master's degree,"$42,500-$80,000",Single,0,,,
509,11891279,11,36,Yes,Male,Male,0,0,1,0,0,0,unemployed,20019,20020,95355,"$45,500-$55,999",8,Married,Bachelor's degree (4 years of college),Associate's degree (2 years of college),"$42,500-$80,000",Married,0,,,
510,11891280,9,35,Yes,Female,Female,0,0,1,0,0,0,Certified Nursing Aide,55429,55429,75935,"$25,001-$40,499",10,Married,Some highschool,Some college,"$42,500-$80,000",Married,4,,,
512,11891314,0,35,Yes,Male,Male,0,0,1,0,0,0,Construction,11201,11211,11211,"More than $78,000",4,Married,Doctoral degree,Doctoral degree,"More than $80,000",Married,2,,,
513,11891322,4,58,Yes,Male,Male,0,0,0,0,0,1,Software developer,84092,84065,84337,"Less than $25,000",6,Widowed,Some college,Bachelor's degree (4 years of college),"$42,500-$80,000",Married,1,,,
514,11891325,3,56,Yes,Female,Female,0,0,1,0,0,0,self-employed,27616,27603,27604,"$25,001-$40,499",16,Married,Bachelor's degree (4 years of college),Bachelor's degree (4 years of college),"$22,500-$42,999",Single,2,,,
515,11891335,11,32,Yes,Female,Female,0,0,1,0,0,0,Tutor,11354,77031,77357,"More than $78,000",5,Married,Some college,Master's degree,"$42,500-$80,000",Single,0,,,
516,11891337,1,25,Yes,Female,Female,0,0,1,1,0,0,Coordinator for Academic Integrity,16648,16602,24060,"$25,001-$40,499",7,Married,Associate's degree (2 years of college),Master's degree,"$42,500-$80,000",Single,0,,,
517,11891341,7,48,Yes,Female,Female,0,0,1,0,0,0,elementary teacher,15235,15235,33023,"$45,500-$55,999",3,Never married,Highschool degree,Bachelor's degree (4 years of college),"$42,500-$80,000",Married,2,,,
519,11891725,1,24,Yes,Male,Male,0,0,1,0,0,0,IT Specialist,10118,10118,10118,"More than $78,000",5,Married,Bachelor's degree (4 years of college),Bachelor's degree (4 years of college),"$42,500-$80,000",Married,1,,,
520,11891726,1,31,Yes,Male,Male,0,0,1,0,0,0,software developer,21203,21203,21206,"More than $78,000",4,Married,Doctoral degree,Master's degree,"$42,500-$80,000",Married,2,,,
521,11891727,6,55,Yes,Female,Female,0,0,1,0,0,0,Administrative Assistant Lead,75040,75214,75040,"Less than $25,000",4,Married,Highschool degree,Bachelor's degree (4 years of college),"$42,500-$80,000",Married,1,,,
523,11891730,1,20,Yes,Female,Female,0,0,1,0,0,0,Marketing and Sales,33101,33111,73301,"$25,001-$40,499",5,Married,Bachelor's degree (4 years of college),Master's degree,"More than $80,000",Married,0,,,
524,11891731,9,22,Yes,Male,Male,0,0,1,0,0,0,Information technology,7,7,7,"More than $78,000",4,Married,Master's degree,Bachelor's degree (4 years of college),"$22,500-$42,999",Single,0,,,
525,11891732,3,25,Yes,Female,Female,0,0,1,0,0,0,Manufacturing,23507,23504,23462,"$56,000-$78,000",5,Married,Associate's degree (2 years of college),Highschool degree,"$22,500-$42,999",Single,0,,,
526,11891742,3,40,Yes,Male,Male,0,0,1,0,0,0,Information Technology,23701,23701,23323,"$25,001-$40,499",4,Married,Highschool degree,Highschool degree,"$22,500-$42,999",Single,0,,,
527,11891758,4,33,Yes,Male,Male,0,0,1,0,0,0,doctor,10977,10977,10977,"More than $78,000",3,Widowed,Bachelor's degree (4 years of college),Doctoral degree,"More than $80,000",Single,0,,,
528,11891759,8,61,Yes,Female,Female,0,0,1,0,0,0,retired clerk,48219,48219,30453,"$25,001-$40,499",2,Never married,Master's degree,Associate's degree (2 years of college),"$22,500-$42,999",Single,0,,,
529,11891762,11,71,Yes,Female,Female,0,0,1,0,0,0,"Market Research, Sole Proprietor",10103,7712,7712,"$56,000-$78,000",4,__other,Highschool degree,Some college,"$42,500-$80,000",Married,5,Married but deceased,,
530,11891770,5,38,Yes,Female,Female,0,0,1,0,0,0,homemaker/homeschool teacher,30909,30909,30909,Don't know,4,Widowed,Associate's degree (2 years of college),Master's degree,"More than $80,000",Married,2,,,
531,11891777,4,24,Yes,Female,Female,0,0,1,1,0,0,Housemaker,734,32940,32940,"More than $78,000",4,Never married,Highschool degree,Highschool degree,"More than $80,000",Single,1,,,
532,11891787,6,28,Yes,Female,Female,0,0,1,0,0,0,Budget analyst,33604,33604,92110,Don't know,5,Married,Bachelor's degree (4 years of college),Bachelor's degree (4 years of college),"$42,500-$80,000",Single,1,,,
533,11891793,7,30,Yes,Female,Female,0,0,1,0,0,0,sales,77081,95826,77081,"More than $78,000",5,Never married,Bachelor's degree (4 years of college),Bachelor's degree (4 years of college),"More than $80,000",Single,0,,,
534,11891797,4,47,Yes,Female,Female,0,0,1,0,0,0,Editor,70501,70501,89169,Don't know,6,Married,Some college,Bachelor's degree (4 years of college),"$12,501-$22,499",Single,0,,,
535,11891810,7,28,Yes,Male,Male,0,0,1,0,0,0,Information technology,3,5,7,"More than $78,000",5,Married,Doctoral degree,Bachelor's degree (4 years of college),"$22,500-$42,999",Single,0,,,
538,11891926,2,54,Yes,Female,Female,0,0,1,0,0,0,Writer,10029,10032,7631,"More than $78,000",6,Divorced,Associate's degree (2 years of college),Bachelor's degree (4 years of college),"$42,500-$80,000",Single,1,,,
539,11891941,9,44,Yes,Female,Female,0,0,1,0,0,0,AI Data Trainer,94110,95207,95204,Don't know,4,Never married,Bachelor's degree (4 years of college),Some college,"$42,500-$80,000",Single,0,,,
540,11891944,4,35,Yes,Male,Male,0,0,1,0,0,0,Retired veteran,33147,33147,33147,"$45,500-$55,999",4,Never married,Some college,Associate's degree (2 years of college),"$42,500-$80,000",Single,0,,,
541,11891956,7,24,Yes,Female,Female,0,0,1,0,0,0,Administrative assistant,75270,75270,75270,"$45,500-$55,999",5,Married,Bachelor's degree (4 years of college),Bachelor's degree (4 years of college),"Less than $12,500",Single,0,,,
542,11891961,0,54,Yes,Male,Male,0,0,1,0,0,0,Business Consultant,60610,60610,75220,"$56,000-$78,000",4,__other,Associate's degree (2 years of college),Bachelor's degree (4 years of college),"More than $80,000",Married,3,My parents are dead,,
543,11891966,10,40,Yes,Female,Female,0,0,1,0,0,0,cleaner,94203,93550,90250,"$25,001-$40,499",4,Widowed,Associate's degree (2 years of college),Some college,"$42,500-$80,000",Single,4,,,
544,11891970,9,27,Yes,Female,Female,0,0,1,0,0,0,Full-Time Student,30350,30350,30350,"Less than $25,000",2,Never married,Bachelor's degree (4 years of college),Bachelor's degree (4 years of college),"$12,501-$22,499",Single,0,,,
545,11891973,1,39,Yes,Female,Female,0,0,1,0,0,0,homemaker,6614,36109,36109,Don't know,7,Married,Bachelor's degree (4 years of college),Master's degree,"Less than $12,500",Married,4,,,
546,11891981,7,26,Yes,Male,Male,0,0,1,0,0,0,Construction,77876,77876,77876,"More than $78,000",5,Married,Master's degree,Bachelor's degree (4 years of college),"$42,500-$80,000",Single,0,,,
547,11891997,1,24,Yes,Female,Female,0,0,1,0,0,0,An Accountant.,51101,51101,51101,"More than $78,000",6,Married,Bachelor's degree (4 years of college),Some college,"$42,500-$80,000",Single,0,,,
548,11892003,8,42,Yes,Male,Male,0,0,1,0,0,0,Operations Aide,21237,21206,21213,"Less than $25,000",4,Never married,__other,Some college,"$22,500-$42,999",Single,0,,"my mother never graduated high school; i don't know what my father did  and since he's been dead (for a decade now), i don't reckon asking is possible",
550,11892022,2,37,Yes,Male,Male,0,0,1,0,0,0,Warehouse associate,27101,27101,27401,"$25,001-$40,499",4,Never married,Some highschool,Associate's degree (2 years of college),"$22,500-$42,999",Single,0,,,
551,11892023,6,43,Yes,Female,Female,0,0,1,0,0,0,CSM,5753,1002,17109,"$45,500-$55,999",4,Widowed,Bachelor's degree (4 years of college),__other,"More than $80,000",Divorced,2,,,Juris Doctorate
552,11892024,3,27,Yes,Male,Male,0,0,1,0,0,0,Unemployed,77096,77002,77051,"Less than $25,000",3,Never married,Highschool degree,Highschool degree,"Less than $12,500",Single,0,,,
553,11892037,3,55,Yes,Female,Female,0,0,1,0,0,0,Retired,39534,39501,39503,"Less than $25,000",8,Married,Associate's degree (2 years of college),Bachelor's degree (4 years of college),"$22,500-$42,999",Single,1,,,
554,11892045,11,53,Yes,Female,Female,0,0,1,0,0,0,DISABLED,44405,44405,98108,"Less than $25,000",4,__other,No highschool,Some college,"$22,500-$42,999",Married,0,BOTH DECEASED,,
555,11892051,3,25,Yes,Female,Female,0,0,1,0,0,0,Business Owner,46404,46404,46404,"$56,000-$78,000",3,Never married,Bachelor's degree (4 years of college),Some college,"Less than $12,500",Married,0,,,
556,11892054,2,29,Yes,Male,Male,0,0,1,0,0,0,Software engineer,60148,60148,60148,"More than $78,000",4,Married,Master's degree,Bachelor's degree (4 years of college),"$42,500-$80,000",Single,0,,,
557,11892065,10,65,Yes,Female,Female,0,0,1,0,0,0,Currently unemployed but seeking remote position,48238,48221,85044,"$45,500-$55,999",6,__other,Master's degree,Master's degree,"$42,500-$80,000",Married,4,My parents are both deceased. They were married 52 years as of 2010 when my father passed away.,,
558,11892067,11,31,Yes,Male,Male,0,0,1,0,0,0,Tutor,10469,10569,11581,"Less than $25,000",4,Never married,Master's degree,Associate's degree (2 years of college),"Less than $12,500",Single,0,,,
559,11892079,5,36,Yes,Female,Female,0,0,1,0,0,0,Independent Contractor,60604,60409,46375,"$45,500-$55,999",4,Never married,Highschool degree,Some college,"$22,500-$42,999",Single,0,,,
561,11892163,4,24,Yes,Male,Male,0,0,1,0,0,0,"Information Technology
",10013,10013,10012,"More than $78,000",2,Married,Associate's degree (2 years of college),Bachelor's degree (4 years of college),"$42,500-$80,000",Single,0,,,
562,11892169,1,34,Yes,Male,Male,0,0,1,0,0,0,Software Engineer,75002,75002,75006,"More than $78,000",5,Married,Doctoral degree,Doctoral degree,"More than $80,000",Married,2,,,
563,11892172,2,18,Yes,Male,Male,0,0,1,0,0,0,,10452,10452,10452,Don't know,3,Married,Some college,Some college,"Less than $12,500",Single,0,,,
565,11892178,3,43,Yes,Female,Female,0,0,1,0,0,0,Homemaker,77061,77026,77449,"$56,000-$78,000",4,Widowed,Bachelor's degree (4 years of college),Bachelor's degree (4 years of college),"Less than $12,500",Married,2,,,
566,11892182,7,38,Yes,Male,Male,0,0,1,0,0,0,Lecturer,6114,6114,53204,"$56,000-$78,000",5,Divorced,Bachelor's degree (4 years of college),Doctoral degree,"More than $80,000",Married,0,,,
567,11892183,2,65,Yes,Female,Female,0,0,1,0,0,0,Solopreneur in the Professional Services Industry,45805,45805,45013,Don't know,4,Married,Doctoral degree,Bachelor's degree (4 years of college),"$12,501-$22,499",Single,0,,,
568,11892194,1,34,Yes,Male,Male,0,0,1,0,0,0,Finance,10001,10001,10001,"More than $78,000",5,Married,Bachelor's degree (4 years of college),Bachelor's degree (4 years of college),"$42,500-$80,000",Single,0,,,
569,11892195,2,42,Yes,Female,Female,0,0,1,0,0,0,unemployed,75208,75215,75204,"Less than $25,000",4,Never married,Associate's degree (2 years of college),Some college,"Less than $12,500",Single,1,,,
570,11892201,2,28,Yes,Female,Female,0,0,1,0,0,0,Executive secretary,80252,80252,10100,"$25,001-$40,499",6,Married,Bachelor's degree (4 years of college),Bachelor's degree (4 years of college),"Less than $12,500",Married,2,,,
571,11892205,2,29,Yes,Female,Female,0,0,1,0,0,0,Freelancer,27703,27707,27704,"Less than $25,000",6,Widowed,Highschool degree,Some college,"$12,501-$22,499",Single,5,,,
572,11892208,5,26,Yes,Male,Male,0,0,1,0,0,0,Game Dev,46077,60031,46342,"$45,500-$55,999",5,Divorced and remarried (one),Bachelor's degree (4 years of college),Some college,"More than $80,000",Single,0,,,
573,11892213,10,40,Yes,Female,Female,0,0,1,0,0,0,nutritionist,11216,11201,11201,"$56,000-$78,000",4,Never married,Bachelor's degree (4 years of college),Bachelor's degree (4 years of college),"$42,500-$80,000",Single,1,,,
574,11892214,9,43,Yes,Male,Male,0,0,1,0,0,0,"homemaker, business owner",67420,67420,67420,"$25,001-$40,499",4,Married,Bachelor's degree (4 years of college),Bachelor's degree (4 years of college),"$22,500-$42,999",Married,-3,,,
576,11892224,1,38,Yes,Female,Female,0,0,1,0,0,0,Financial Analysis,77083,77083,77083,"$45,500-$55,999",4,Divorced,Associate's degree (2 years of college),Bachelor's degree (4 years of college),"$42,500-$80,000",Single,1,,,
577,11892250,1,31,Yes,Male,Male,0,0,1,0,0,0,App developer,55001,55001,55003,"More than $78,000",5,Married,Doctoral degree,Doctoral degree,"More than $80,000",Married,2,,,
578,11907089,4,31,Yes,Female,Female,0,0,0,0,0,1,Unemployed,16686,16686,16601,"More than $78,000",3,Married,Some college,Bachelor's degree (4 years of college),"More than $80,000",Single,0,,,
580,11907093,8,41,Yes,Female,Female,0,0,0,0,0,1,therapist,58078,58078,58078,"More than $78,000",2,Widowed,Highschool degree,Master's degree,"More than $80,000",Married,3,,,
583,11907098,5,46,Yes,Female,Female,0,0,0,0,0,1,desk administration,45044,45044,45044,"$56,000-$78,000",7,Married,Some college,Bachelor's degree (4 years of college),"More than $80,000",Married,3,,,
585,11907109,10,44,Yes,Male,Male,0,0,0,0,0,1,Business Owner,85006,99603,85209,"$25,001-$40,499",5,Divorced,Associate's degree (2 years of college),Some college,"$22,500-$42,999",Single,0,,,
586,11907111,11,32,Yes,Male,Male,0,0,0,0,0,1,"Disabled, unable to work",77450,77450,80016,"More than $78,000",6,Married,Bachelor's degree (4 years of college),Master's degree,"$12,501-$22,499",Married,0,,,
587,11907112,9,63,Yes,Male,Male,0,0,0,0,0,1,Public safety consultant,1201,25414,25438,"Less than $25,000",8,__other,Bachelor's degree (4 years of college),Bachelor's degree (4 years of college),"More than $80,000",Widowed,2,deceased,,
588,11907116,5,22,Yes,Female,Female,0,0,1,0,0,0,assistant,55001,55001,55001,"More than $78,000",6,Married,Some college,Associate's degree (2 years of college),"$42,500-$80,000",Single,0,,,
589,11907118,3,40,Yes,Female,Female,0,0,1,0,0,0,Homemaker,62703,62702,62702,"Less than $25,000",5,Never married,Some college,Associate's degree (2 years of college),"$12,501-$22,499",Single,4,,,
590,11907133,9,28,Yes,Female,Female,0,0,1,0,0,0,Director,10001,10001,10001,"More than $78,000",5,Married,Doctoral degree,Bachelor's degree (4 years of college),"$42,500-$80,000",Single,0,,,
591,11907136,8,27,Yes,Female,Female,0,0,0,0,0,1,Arts,10001,10001,10001,"More than $78,000",6,Married,Doctoral degree,Bachelor's degree (4 years of college),"$42,500-$80,000",Single,0,,,
593,11907152,1,41,Yes,Female,Female,0,0,1,0,0,0,Finance,11691,11691,11691,"$25,001-$40,499",6,Married,Some highschool,Bachelor's degree (4 years of college),"$22,500-$42,999",Single,1,,,
594,11907171,0,52,Yes,Female,Female,0,0,1,0,0,0,Production Analyst,39180,39180,30213,"Less than $25,000",4,Never married,Some college,Some college,"$42,500-$80,000",Single,0,,,
596,11907178,3,58,Yes,Female,Female,0,0,1,0,0,0,Information Systems,60153,60153,27401,"$45,500-$55,999",3,__other,Highschool degree,Highschool degree,"$42,500-$80,000",Single,0,Deceased,,
598,11907431,2,26,Yes,Female,Female,0,0,1,0,0,0,business manager,10118,10118,10118,"More than $78,000",3,Married,Bachelor's degree (4 years of college),Bachelor's degree (4 years of college),"$22,500-$42,999",Single,0,,,
